event,step,gap,p,q,status,order,gap_count_distance,prime_index_distance,numerical_distance,ratio,log_ratio,later_records,later_ruptures
1,5,10,139,149,recovered,1,4,4,26,1.2300884955752212,0.20708611441835112,0,0
1,6,12,199,211,recovered,2,16,16,86,1.761061946902655,0.5659170060121519,0,0
2,8,16,1831,1847,recovered,1,183,183,1308,3.5009560229445507,1.2530360806095877,3,1
3,12,24,1669,1693,recovered,1,46,46,342,1.2577241899020346,0.22930388932962753,0,0
3,13,26,2477,2503,recovered,2,150,150,1150,1.8666164280331574,0.624127395157152,0,0
3,14,28,2971,2999,recovered,3,212,212,1644,2.2388847023360965,0.8059778411304002,0,0
3,15,30,4297,4327,recovered,4,373,373,2970,3.238131122833459,1.1749963494427877,0,0
3,16,32,5591,5623,recovered,5,521,521,4264,4.21326299924642,1.4382374066944377,0,0
4,19,38,30593,30631,recovered,3,1471,1471,14910,1.9507109609130906,0.6681939014669717,1,1
4,20,40,19333,19373,recovered,2,360,360,3650,1.2327360836574635,0.2092361571980774,0,0
4,21,42,16141,16183,recovered,1,48,48,458,1.0292035962507173,0.02878529563885499,0,0
5,23,46,81463,81509,recovered,3,5745,5745,61854,4.1543678922943545,1.424160284915746,1,1
5,24,48,28229,28277,recovered,1,852,852,8620,1.439594063950227,0.364361173812061,0,0
5,25,50,31907,31957,recovered,2,1202,1202,12298,1.6271609975011474,0.48683677693759647,1,1
6,27,54,35617,35671,recovered,2,408,408,4220,1.13440774596299,0.12611070501905502,0,0
6,28,56,82073,82129,recovered,5,4643,4643,50676,2.6140395579195466,0.9608967481860519,0,0
6,29,58,44293,44351,recovered,4,1227,1227,12896,1.4107398796063317,0.34411430407305316,0,0
6,30,60,43331,43391,recovered,3,1137,1137,11934,1.380100009555053,0.32215596723530704,0,0
6,31,62,34061,34123,recovered,1,259,259,2664,1.0848488709112336,0.08144068780800796,0,0
6,32,64,89689,89753,recovered,6,5303,5303,58292,2.856610504188298,1.0496357836041958,0,0
6,33,66,162143,162209,recovered,8,11477,11477,130746,5.164283211771825,1.641766314968507,1,1
6,34,68,134513,134581,recovered,7,9157,9157,103116,4.284262827658694,1.4549485016977,0,0
6,35,70,173359,173429,recovered,9,12398,12398,141962,5.521514794407109,1.7086522419195715,1,1
7,37,74,404597,404671,recovered,4,19845,19845,248676,2.5948845889905785,0.9535420412514111,2,2
7,38,76,212701,212777,recovered,2,4669,4669,56780,1.364158772711822,0.31053795492844494,0,0
7,39,78,188029,188107,recovered,1,2649,2649,32108,1.205924795248876,0.1872467375288232,0,0
7,40,80,542603,542683,recovered,6,30416,30416,386682,3.4799866599111087,1.247028460420159,3,2
7,41,82,265621,265703,recovered,3,8926,8926,109700,1.7035614189236856,0.53272101201762,0,0
7,42,84,461717,461801,recovered,5,24233,24233,305796,2.961223953155765,1.085602680557118,2,2
8,44,88,544279,544367,recovered,2,14101,14101,183626,1.5091486830831853,0.4115457058020999,2,1
8,45,90,404851,404941,recovered,1,3413,3413,44198,1.1225499302653796,0.11560282095046907,1,1
8,46,92,927869,927961,recovered,3,42519,42519,567216,2.5727472113083767,0.9449742817993114,2,1
8,47,94,1100977,1101071,recovered,4,54985,54985,740324,3.0527321275575137,1.11603696917533,2,1
9,49,98,604073,604171,recovered,2,17869,17869,233812,1.6314788757119978,0.4894868891966507,1,0
9,50,100,396733,396833,recovered,1,2063,2063,26472,1.0714955126248782,0.06905534798514071,0,0
9,51,102,1444309,1444411,recovered,5,78679,78679,1074048,3.9007862021654995,1.3611781231178528,3,2
9,52,104,1388483,1388587,recovered,4,74741,74741,1018222,3.7500114783895686,1.3217589008815198,3,2
9,53,106,1098847,1098953,recovered,3,54088,54088,728586,2.967763280496731,1.087808564879319,1,0
9,54,108,2238823,2238931,recovered,7,133781,133781,1868562,6.0466076632429555,1.7994973979629396,4,3
9,55,110,1468277,1468387,recovered,6,80379,80379,1098016,3.9655189177364076,1.3776367211102156,3,2
10,58,116,5845193,5845309,recovered,1,299364,299364,4495660,4.331270891486166,1.4658610073755929,3,3
11,60,120,1895359,1895479,recovered,2,37647,37647,538158,1.396520485911814,0.3339837757633213,0,0
11,61,122,3117299,3117421,recovered,3,120588,120588,1760098,2.2968587556301534,0.8315424310153463,1,1
11,62,124,6752623,6752747,recovered,6,356812,356812,5395422,4.9754037905954975,1.6045065312557354,2,2
11,63,126,1671781,1671907,recovered,1,22101,22101,314580,1.2317858592795023,0.20846503448377546,0,0
11,64,128,3851459,3851587,recovered,4,169342,169342,2494258,2.8377955807577506,1.043027546812307,1,1
11,65,130,5518687,5518817,recovered,5,277924,277924,4161486,4.066226741654331,1.402715478937687,2,2
12,67,134,6958667,6958801,recovered,4,324340,324340,4947934,3.4607613243528603,1.241488600805409,1,1
12,68,136,6371401,6371537,recovered,3,286923,286923,4360668,3.16869569455517,1.153320050397538,1,1
12,69,138,3826019,3826157,recovered,1,122054,122054,1815286,1.9027981338148825,0.6433255048181417,0,0
12,70,140,7621259,7621399,recovered,5,366221,366221,5610526,3.7902889145401204,1.3324422469382913,1,1
12,71,142,10343761,10343903,recovered,6,536214,536214,8333028,5.14427375489436,1.6378842038113357,1,1
12,72,144,11981443,11981587,recovered,7,637233,637233,9970710,5.958743900856056,1.7848597039754022,1,1
12,73,146,6034247,6034393,recovered,2,265380,265380,4023514,3.00101853403709,1.098951742392871,1,1
13,75,150,13626257,13626407,recovered,2,561461,561461,8973904,2.9288957652181593,1.0746254800557042,0,0
13,76,152,8421251,8421403,recovered,1,240362,240362,3768898,1.8101057679845016,0.5933852789210092,0,0
14,78,156,17983717,17983873,recovered,1,55979,55979,932010,1.054657870909933,0.05321642135732479,0,0
14,79,158,49269581,49269739,recovered,10,1865361,1865361,32217874,2.8894222144445716,1.0610565563387884,2,2
14,80,160,33803689,33803849,recovered,4,983647,983647,16751982,1.982422580918145,0.6843196225250754,1,1
14,81,162,39175217,39175379,recovered,8,1292011,1292011,22123510,2.2974366730556652,0.8317940114535357,1,1
14,82,164,20285099,20285263,recovered,2,193123,193123,3233392,1.18962277501015,0.1736362610798623,0,0
14,83,166,83751121,83751287,recovered,12,3780959,3780959,66699414,4.911597472323446,1.5915992396700473,2,2
14,84,168,37305713,37305881,recovered,5,1184760,1184760,20254006,2.187799321205789,0.7828961624401307,1,1
14,85,170,27915737,27915907,recovered,3,642095,642095,10864030,1.6371227232558008,0.49294026396984586,1,1
14,86,172,38394127,38394299,recovered,7,1247259,1247259,21342420,2.2516295289380706,0.8116541891682432,1,1
14,87,174,52721113,52721287,recovered,11,2059959,2059959,35669406,3.091837843566043,1.1287656854838557,2,2
14,88,176,38089277,38089453,recovered,6,1229719,1229719,21037570,2.2337515534368495,0.8036824829302515,1,1
14,89,178,39389989,39390167,recovered,9,1304367,1304367,22338282,2.3100320102849525,0.8372613817039044,1,1
15,91,182,36271601,36271783,recovered,1,899938,899938,15440278,1.7412048673048754,0.5545773260659069,0,0
15,92,184,79167733,79167917,recovered,4,3303757,3303757,58336410,3.800417909126559,1.3351110367713501,1,1
15,93,186,147684137,147684323,recovered,10,,,126852814,7.089522686581164,1.9586180162159093,2,1
15,94,188,134065829,134066017,recovered,8,,,113234506,6.43578081910592,1.8618731730974587,2,1
15,95,190,142414669,142414859,recovered,9,,,121583346,6.836563813061705,1.9222852388946796,2,1
15,96,192,123454691,123454883,recovered,7,,,102623368,5.926397041608927,1.7794164468409854,2,1
15,97,194,166726367,166726561,recovered,11,,,145895044,8.00363793504618,2.079896180196854,2,1
15,98,196,70396393,70396589,recovered,3,2820064,2820064,49565070,3.3793529580430395,1.2176842586377363,1,1
15,99,198,46006769,46006967,recovered,2,1455511,1455511,25175446,2.2085380270854618,0.7923307704189814,0,0
15,100,200,378043979,378044179,recovered,14,,,357212656,18.147862188109706,2.8985527679944907,4,3
15,101,202,107534587,107534789,recovered,5,,,86703264,5.162158303627667,1.6413547679373286,1,1
15,102,204,112098817,112099021,recovered,6,,,91267494,5.381262486304879,1.6829230095266132,1,1
15,103,206,232423823,232424029,recovered,13,,,211592500,11.157420150414834,2.4121047609117525,4,3
15,104,208,192983851,192984059,recovered,12,,,172152528,9.264118798407571,2.2261487444107195,4,3
16,106,212,215949407,215949619,recovered,2,,,168622714,4.562951546181348,1.5179696830375478,3,2
16,107,214,253878403,253878617,recovered,3,,,206551710,5.364380794576118,1.6797809536857082,3,2
16,108,216,202551667,202551883,recovered,1,,,155224974,4.279860986695183,1.453920529322111,3,2
16,109,218,327966101,327966319,recovered,4,,,280639408,6.929833466285084,1.9358357820739733,3,2
17,112,224,409866323,409866547,recovered,1,,,220170664,2.160652094837869,0.7704100718929915,2,1
17,113,226,519653371,519653597,recovered,2,,,329957712,2.7394057077500125,1.0077410018931132,3,2
17,114,228,895858039,895858267,recovered,5,,,706162380,4.722606957495005,1.552360968627262,3,2
17,115,230,607010093,607010323,recovered,4,,,417314434,3.1999155710779865,1.1631244254194868,3,2
17,116,232,525436489,525436721,recovered,3,,,335740830,2.7698920036962997,1.018808331603931,3,2
18,118,236,216668603,216668839,recovered,1,,,24755820,1.1289951592229268,0.12132799749042042,0,0
18,119,238,673919143,673919381,recovered,5,,,482006360,3.5115906948209905,1.2560691242261592,2,1
18,120,240,391995431,391995671,recovered,3,,,200082648,2.0425707181787884,0.7142091704959949,1,0
18,121,242,367876529,367876771,recovered,2,,,175963746,1.9168943477829719,0.650706349233796,0,0
18,122,244,693103639,693103883,recovered,6,,,501190856,3.611555354288203,1.284138525620489,2,1
18,123,246,555142061,555142307,recovered,4,,,363229278,2.892678915505071,1.0621830331442572,2,1
19,126,252,630045137,630045389,recovered,1,,,193772128,1.4441533718626174,0.36752324803167036,0,0
19,127,254,1202442089,1202442343,recovered,4,,,766169080,2.7561688763560435,1.0138416271652837,0,0
19,128,256,1872851947,1872852203,recovered,13,,,1436578938,4.292843949463763,1.4569494385849524,2,2
19,129,258,1316355323,1316355581,recovered,6,,,880082314,3.017274265986049,1.1043538629016425,1,1
19,130,260,944192807,944193067,recovered,3,,,507919798,2.164224665569444,0.772062175174581,0,0
19,131,262,1649328997,1649329259,recovered,10,,,1213055988,3.7804974476429276,1.3298556008785247,2,2
19,132,264,2357881993,2357882257,recovered,14,,,1921608984,5.404602036703123,1.6872508196483662,3,3
19,133,266,1438779821,1438780087,recovered,8,,,1002506812,3.2978886874021582,1.1932824720220736,1,1
19,134,268,1579306789,1579307057,recovered,9,,,1143033780,3.6199965535800542,1.2864730737875176,2,2
19,135,270,1391048047,1391048317,recovered,7,,,954775038,3.188480649280781,1.1595445178448724,1,1
19,136,272,1851255191,1851255463,recovered,11,,,1414982182,4.243341102497587,1.4453509548101942,2,2
19,137,274,1282463269,1282463543,recovered,5,,,846190260,2.9395888412615507,1.0782697216596424,0,0
19,138,276,649580171,649580447,recovered,2,,,213307162,1.4889304577629738,0.39805804862394945,0,0
19,139,278,4260928601,4260928879,recovered,15,,,3824655592,9.76665645845627,2.27897418214511,4,4
19,140,280,1855047163,1855047443,recovered,12,,,1418774154,4.252032843498691,1.4473971846969749,2,2
20,142,284,1667186459,1667186743,recovered,1,,,372917968,1.2881302995423072,0.25319178680632687,1,1
20,143,286,2842739311,2842739597,recovered,2,,,1548470820,2.1964061790638154,0.7868224696875249,2,2
21,145,290,1948819133,1948819423,recovered,1,,,495650992,1.341083029565262,0.29347751853886467,0,0
22,147,294,5692630189,5692630483,recovered,8,,,3391687640,2.4740427315206297,0.9058535460606759,2,2
22,148,296,5260030511,5260030807,recovered,6,,,2959087962,2.2860329621380737,0.8268179844016799,2,2
22,149,298,8650524583,8650524881,recovered,11,,,6349582034,3.7595569636276043,1.3243011216369964,2,2
22,150,300,4758958741,4758959041,recovered,5,,,2458016192,2.0682649130323854,0.72671004952143,2,2
22,151,302,6675573497,6675573799,recovered,10,,,4374630948,2.901234322387247,1.0651362748477464,2,2
22,152,304,2433630109,2433630413,recovered,1,,,132687560,1.0576666114752264,0.056065171750684414,0,0
22,153,306,3917587237,3917587543,recovered,2,,,1616644688,1.7026010661164057,0.5321571206372498,1,1
22,154,308,5490459101,5490459409,recovered,7,,,3189516552,2.3861782656790704,0.8696930340780726,2,2
22,155,310,4024713661,4024713971,recovered,3,,,1723771112,1.7491586927058038,0.5591349253142668,1,1
22,156,312,6570018347,6570018659,recovered,9,,,4269075798,2.855359578558517,1.0491977821330194,2,2
22,157,314,8948418749,8948419063,recovered,12,,,6647476200,3.8890231105027038,1.358157997686862,2,2
22,158,316,12109172293,12109172609,recovered,13,,,9808229744,5.262700843296892,1.660644363277269,3,3
22,159,318,4372999721,4373000039,recovered,4,,,2072057172,1.9005253837826266,0.6421303657287294,2,2
23,161,322,7961074441,7961074763,recovered,4,,,4118463668,2.071787883628046,0.7284119463904002,1,1
23,162,324,10958687879,10958688203,recovered,5,,,7116077106,2.851886003131236,1.0479805309015935,2,2
23,163,326,5837935373,5837935699,recovered,1,,,1995324600,1.5192627403275123,0.4182251779303773,1,1
23,164,328,13086861181,13086861509,recovered,6,,,9244250408,3.4057212541417083,1.2254567392383984,2,2
23,165,330,6291356009,6291356339,recovered,3,,,2448745236,1.637260805389409,0.49302460481292804,1,1
23,166,332,5893180121,5893180453,recovered,2,,,2050569348,1.5336396187738477,0.4276437462535387,1,1
23,167,334,30827138509,30827138843,recovered,7,,,26984527736,8.022446281992975,2.08224339806085,5,4
24,169,338,22076314313,22076314651,recovered,7,,,17773906954,5.13115390313277,1.6353305662737376,2,1
24,170,340,8605261447,8605261787,recovered,1,,,4302854088,2.0001038323344873,0.6931990953795913,0,0
24,171,342,12010745569,12010745911,recovered,3,,,7708338210,2.791633745204367,1.0266269962108705,1,1
24,172,344,19724087267,19724087611,recovered,6,,,15421679908,4.584430441190123,1.5226658757872216,1,1
24,173,346,11291401837,11291402183,recovered,2,,,6988994478,2.6244381098363587,0.9648668197352164,1,1
24,174,348,17002876643,17002876991,recovered,5,,,12700469284,3.9519448588317645,1.3742078270635252,1,1
24,175,350,16808773277,16808773627,recovered,4,,,12506365918,3.9068297988656355,1.3627262519977559,1,1
24,176,352,30750892801,30750893153,recovered,8,,,26448485442,7.147368957677538,1.9667443110382203,4,3
25,178,356,24355072517,24355072873,recovered,8,,,13628167858,2.270466018970888,0.8199851051240695,2,1
25,179,358,16792321339,16792321697,recovered,2,,,6065416680,1.5654396000351363,0.4481666791397584,0,0
25,180,360,20068818197,20068818557,recovered,3,,,9341913538,1.870886228131246,0.6264122373892175,0,0
25,181,362,35877724601,35877724963,recovered,10,,,25150819942,3.3446484089795807,1.2073615786326644,3,2
25,182,364,25425617317,25425617681,recovered,9,,,14698712658,2.370265992405144,0.863002181931718,3,2
25,183,366,20108776097,20108776463,recovered,4,,,9381871438,1.8746112449250212,0.6284013018852972,0,0
25,184,368,51430518413,51430518781,recovered,12,,,40703613754,4.794534867973231,1.5674767000793104,4,3
25,185,370,59942358571,59942358941,recovered,13,,,49215453912,5.588038719138577,1.7206283703504126,4,3
25,186,372,20404137779,20404138151,recovered,5,,,9677233120,1.9021459057977816,0.6429826729569111,0,0
25,187,374,23064761663,23064762037,recovered,6,,,12337857004,2.1501786765344644,0.765550944051379,2,1
25,188,376,16161669787,16161670163,recovered,1,,,5434765128,1.5066480313535897,0.4098873365289124,0,0
25,189,378,38116957819,38116958197,recovered,11,,,27390053160,3.5533976511126553,1.267904230594138,3,2
25,190,380,23323808741,23323809121,recovered,7,,,12596904082,2.174327961555158,0.7767196336024746,2,1
26,193,386,35238645587,35238645973,recovered,1,,,12871560628,1.5754688486047344,0.4545529096330035,1,1
26,194,388,156798792223,156798792611,recovered,4,,,134431707264,7.010247088989027,1.9473729484979145,3,3
26,195,390,53241805651,53241806041,recovered,2,,,30874720692,2.3803640818012237,0.8672534515305502,2,2
26,196,392,117215204531,117215204923,recovered,3,,,94848119572,5.240522166650746,1.6564211434923952,2,2
27,198,396,50806025873,50806026269,recovered,7,,,25749943786,2.027692346177298,0.7068983711524689,1,1
27,199,398,40267027589,40267027987,recovered,2,,,15210945502,1.6070759765706542,0.4744163641509456,0,0
27,200,400,47203303159,47203303559,recovered,4,,,22147221072,1.8839059911721305,0.6333472763806052,1,1
27,201,402,44293346177,44293346579,recovered,3,,,19237264090,1.767768241786731,0.5697178706608109,1,1
27,202,404,144999022043,144999022447,recovered,19,,,119942939956,5.786979047224255,1.7556104019223262,2,2
27,203,406,49306638307,49306638713,recovered,5,,,24250556220,1.9678510844511508,0.6769421272971149,1,1
27,204,408,134664608389,134664608797,recovered,17,,,109608526302,5.374527746254027,1.681670708991667,2,2
27,205,410,98276144093,98276144503,recovered,11,,,73220062006,3.9222470517044328,1.366664717045881,1,1
27,206,412,124221464119,124221464531,recovered,14,,,99165382032,4.957736955349878,1.6009493776169859,1,1
27,207,414,49914935177,49914935591,recovered,6,,,24858853090,1.9921284981301075,0.6892036641753408,1,1
27,208,416,121972158437,121972158853,recovered,13,,,96916076350,4.867966109525302,1.5826762132122425,1,1
27,209,418,129300694603,129300695021,recovered,16,,,104244612516,5.160451428680698,1.6410240618452088,2,2
27,210,420,82490815123,82490815543,recovered,9,,,57434733036,3.2922471612510886,1.1915703593558922,1,1
27,211,422,280974865361,280974865783,recovered,26,,,255918783274,11.213838795123516,2.417148622274766,4,4
27,212,424,264495345259,264495345683,recovered,25,,,239439263172,10.556133410667174,2.356707056934383,4,4
27,213,426,180265084403,180265084829,recovered,20,,,155209002316,7.194464153536918,1.9733118627274324,2,2
27,214,428,219950168411,219950168839,recovered,23,,,194894086324,8.778314488565556,2.17228441752853,3,3
27,215,430,250964194171,250964194601,recovered,24,,,225908112084,10.016098817827919,2.3041936803062706,4,4
27,216,432,87241770619,87241771051,recovered,10,,,62185688532,3.481860025684709,1.24756664113669,1,1
27,217,434,127084569923,127084570357,recovered,15,,,102028487836,5.0720048522245245,1.6237361738033402,1,1
27,218,436,367459059871,367459060307,recovered,27,,,342402977784,14.665463602613716,2.685495314791226,7,7
27,219,438,101328529441,101328529879,recovered,12,,,76272447354,4.04406918404745,1.3972514088376666,1,1
27,220,440,141846299801,141846300241,recovered,18,,,116790217714,5.661152422333218,1.7336274796758389,2,2
27,221,442,417470554687,417470555129,recovered,29,,,392414472600,16.661445841271362,2.8130974181634376,8,7
27,222,444,36172730063,36172730507,recovered,1,,,11116647976,1.4436706400226762,0.367188925827512,0,0
27,223,446,190418076203,190418076649,recovered,21,,,165361994116,7.599674823135888,2.0281054599474317,3,3
27,224,448,402872474743,402872475191,recovered,28,,,377816392656,16.078829616862755,2.777503476080889,7,7
27,225,450,63816175447,63816175897,recovered,8,,,38760093360,2.546933523980995,0.9348900959240874,1,1
27,226,452,466855187471,466855187923,recovered,30,,,441799105384,18.63240972191823,2.924902522567729,9,8
27,227,454,202530831163,202530831617,recovered,22,,,177474749076,8.083100560565304,2.0897755316696554,3,3
28,229,458,304040251469,304040251927,recovered,2,,,261387633126,7.128290437506002,1.9640714353409379,5,5
28,230,460,131956235563,131956236023,recovered,1,,,89303617220,3.0937429093296496,1.1293816553983862,1,1
28,231,462,400729567081,400729567543,recovered,3,,,358076948738,9.395192666917865,2.2401981400439643,6,6
29,233,466,565855695631,565855696097,recovered,1,,,437879360960,4.421565104874232,1.4864937295377612,7,6
30,235,470,681753256133,681753256603,recovered,1,,,499526359894,3.7412328816644354,1.3194152046084995,7,5
30,236,472,865244709607,865244710079,recovered,2,,,683017813368,4.748172347029315,1.5577597749574867,8,6
31,238,476,725978934347,725978934823,recovered,3,,,484818310204,3.0103543516976443,1.102057796648255,6,4
31,239,478,367766547571,367766548049,recovered,1,,,126605923428,1.524985883901706,0.42198515355863603,3,3
31,240,480,482423533897,482423534377,recovered,2,,,241262909754,2.0004241389379525,0.6933592275453704,5,4
31,241,482,1051602787181,1051602787663,recovered,5,,,810442163038,4.360590751156107,1.4726075415669717,7,5
31,242,484,767644374817,767644375301,recovered,4,,,526483750674,3.1831248469559985,1.1578633705769346,7,5
32,244,488,1275363152099,1275363152587,recovered,1,,,977862076300,4.286919462975894,1.4555684011029841,6,4
33,246,492,910361180689,910361181181,recovered,4,,,606989725448,3.0008135734649257,1.0988834430574106,5,3
33,247,494,804541404419,804541404913,recovered,2,,,501169949178,2.6520010057632737,0.9753144515706308,5,3
33,248,496,880318998907,880318999403,recovered,3,,,576947543666,2.9017858592123296,1.065326360978583,5,3
33,249,498,428315806823,428315807321,recovered,1,,,124944351582,1.4118526955106685,0.34490281033626946,2,1
34,251,502,1258535916601,1258535917103,recovered,2,,,953936408064,4.131772643514047,1.4187065263926437,4,2
34,252,504,747431049203,747431049707,recovered,1,,,442831540666,2.4538156768306436,0.8976442321517674,4,2
34,253,506,1339347750707,1339347751213,recovered,3,,,1034748242170,4.397077845397469,1.4809401942487939,4,2
34,254,508,1841086484491,1841086484999,recovered,4,,,1536486975954,6.044285801161631,1.799113330049894,6,4
34,255,510,2209016910131,2209016910641,recovered,6,,,1904417401594,7.252201163228957,1.9813050315080176,7,5
34,256,512,1999066711391,1999066711903,recovered,5,,,1694467202854,6.562934789332306,1.8814378793356104,7,5
35,259,518,2296497058133,2296497058651,recovered,6,,,1834806548122,4.974104964986793,1.6042454478901162,5,4
35,260,520,2336167262449,2336167262969,recovered,7,,,1874476752438,5.060028767741706,1.6213721686076605,5,4
35,261,522,1214820695701,1214820696223,recovered,1,,,753130185690,2.631244674429319,0.9674569944766513,2,1
35,262,524,2256065636039,2256065636563,recovered,5,,,1794375126028,4.886532400211666,1.5864829313307247,5,4
35,263,526,1620505682371,1620505682897,recovered,3,,,1158815172360,3.509939336488399,1.2555987542766827,4,3
35,264,528,1529741785139,1529741785667,recovered,2,,,1068051275128,3.3133489902197755,1.1979594574076515,4,3
35,265,530,2205492372371,2205492372901,recovered,4,,,1743801862360,4.776993082050686,1.5638112862281466,5,4
36,268,536,5371284217763,5371284218299,recovered,2,,,4632451289836,7.269957814188957,1.9837504888035518,4,4
36,269,538,2122536905311,2122536905849,recovered,1,,,1383703977384,2.8728239160460323,1.0552954888902213,3,3
37,271,542,2707053887651,2707053888193,recovered,7,,,1360759576902,2.0107445051483226,0.6985050540609321,3,3
37,272,544,2652427555639,2652427556183,recovered,6,,,1306133244890,1.9701691780628139,0.6781194162519081,3,3
37,273,546,2164206784721,2164206785267,recovered,3,,,817912473972,1.607528730858976,0.47469804997705617,2,2
37,274,548,3380058341279,3380058341827,recovered,9,,,2033764030530,2.5106385091967978,0.9205371069272085,3,3
37,275,550,2496646209271,2496646209821,recovered,5,,,1150351898522,1.854457966090647,0.6175924517918178,2,2
37,276,552,2210401546601,2210401547153,recovered,4,,,864107235852,1.6418412593389486,0.4958183311674547,2,2
37,277,554,3621153039299,3621153039853,recovered,10,,,2274858728550,2.689718741576202,0.9894366311124108,3,3
37,278,556,4338624362173,4338624362729,recovered,12,,,2992330051424,3.2226418306404647,1.1702014674741497,3,3
37,279,558,5263973982823,5263973983381,recovered,15,,,3917679672074,3.9099726863544646,1.3635303883857817,3,3
37,280,560,4260199366373,4260199366933,recovered,11,,,2913905055624,3.164389340695403,1.1519600956521001,3,3
37,281,562,2081209441279,2081209441841,recovered,2,,,734915130530,1.5458799941902273,0.43559332373079,2,2
37,282,564,1480064231153,1480064231717,recovered,1,,,133769920404,1.0993615729755095,0.09472962310981249,1,1
37,283,566,4897642179197,4897642179763,recovered,14,,,3551347868448,3.63786888208139,1.2913980382373569,3,3
37,284,568,6010330572331,6010330572899,recovered,17,,,4664036261582,4.464351163295937,1.496123887597922,3,3
37,285,570,4442109925217,4442109925787,recovered,13,,,3095815614468,3.2995087996365875,1.1937736087984094,3,3
37,286,572,5441175346967,5441175347539,recovered,16,,,4094881036218,4.041594251363839,1.396639230806594,3,3
37,287,574,3108794067079,3108794067653,recovered,8,,,1762499756330,2.3091489299612706,0.8368790280590206,3,3
37,288,576,8817792098461,8817792099037,recovered,19,,,7471497787712,6.549676417747983,1.879415646556311,4,4
37,289,578,7552870120721,7552870121299,recovered,18,,,6206575809972,5.610118129756503,1.7245717763105037,4,4
37,290,580,9383081340541,9383081341121,recovered,20,,,8036787029792,6.969561756018116,1.9415523470450406,4,4
38,292,584,6993007248239,6993007248823,recovered,2,,,5584311754630,4.964172370796262,1.6022465909127908,2,2
38,293,586,6364466316577,6364466317163,recovered,1,,,4955770822968,4.517985856738697,1.5080662876156565,2,2
39,295,590,20761252261751,20761252262341,recovered,6,,,18793063705290,10.548406144115486,2.355974772121731,4,4
39,296,592,3410069454097,3410069454689,recovered,1,,,1441880897636,1.7325928671329367,0.5496190536080678,1,1
39,297,594,5499789519863,5499789520457,recovered,3,,,3531600963402,2.7943407666957336,1.0275962171400073,1,1
39,298,596,10487995154603,10487995155199,recovered,5,,,8519806598142,5.3287552761009165,1.673117679216599,2,2
39,299,598,5614481773561,5614481774159,recovered,4,,,3646293217100,2.852613767685145,1.0482356854592572,1,1
39,300,600,4872634110067,4872634110667,recovered,2,,,2904445553606,2.4756947671865768,0.906521070642625,1,1
40,302,604,5439564948583,5439564949187,recovered,3,,,2824623237984,2.0801859278679555,0.7324572781163774,0,0
40,303,606,12112937821403,12112937822009,recovered,9,,,9497996110804,4.632201846911651,1.533032315942947,1,1
40,304,608,20767330530329,20767330530937,recovered,17,,,18152388819730,7.941794819423285,2.0721392975004007,3,3
40,305,610,9105981382177,9105981382787,recovered,5,,,6491039671578,3.4822884752146575,1.247689685477411,1,1
40,306,612,13397310636587,13397310637199,recovered,12,,,10782368925988,5.123368747488487,1.6338121811854704,1,1
40,307,614,17418754709747,17418754710361,recovered,14,,,14803812999148,6.661240148927418,1.8963056757652985,2,2
40,308,616,8095224517651,8095224518267,recovered,4,,,5480282807052,3.09575715773666,1.1300325152275457,1,1
40,309,618,4165633395149,4165633395767,recovered,1,,,1550691684550,1.5930119506162093,0.46562653285596106,0,0
40,310,620,9344093035661,9344093036281,recovered,6,,,6729151325062,3.573346586574798,1.2735025758971825,1,1
40,311,622,13059969946711,13059969947333,recovered,11,,,10445028236112,4.994363696053239,1.608310015808424,1,1
40,312,624,24923033918059,24923033918683,recovered,19,,,22308092207460,9.531009359420835,2.254550625952786,3,3
40,313,626,33605480400197,33605480400823,recovered,20,,,30990538689598,12.851330591418442,2.5534473539508147,3,3
40,314,628,34140047613391,34140047614019,recovered,21,,,31525105902792,13.05575855668714,2.569229305149954,3,3
40,315,630,12644461143649,12644461144279,recovered,10,,,10029519433050,4.835465774398679,1.575977458163828,1,1
40,316,632,45678685880759,45678685881391,recovered,23,,,43063744170160,17.468338087848032,2.8603899901330627,4,4
40,317,634,17659394869309,17659394869943,recovered,16,,,15044453158710,6.753265205771563,1.910026122111153,2,2
40,318,636,9483480841753,9483480842389,recovered,7,,,6868539131154,3.626650951076319,1.2883096194073713,1,1
40,319,638,17499522060011,17499522060649,recovered,15,,,14884580349412,6.6921270134172195,1.9009317628334663,2,2
40,320,640,22099408494481,22099408495121,recovered,18,,,19484466783882,8.45120501344511,2.1343090363433688,3,3
40,321,642,14141685364577,14141685365219,recovered,13,,,11526743653978,5.408030820441343,1.68788503777053,2,2
40,322,644,41433781612373,41433781613017,recovered,22,,,38818839901774,15.84501155204788,2.762854722208436,3,3
40,323,646,51027160468351,51027160468997,recovered,24,,,48412218757752,19.51368944918558,2.971116242301955,4,4
40,324,648,9787731507761,9787731508409,recovered,8,,,7172789797162,3.7430017916227056,1.31988790758173,1,1
40,325,650,5120731250207,5120731250857,recovered,2,,,2505789539608,1.9582582775942654,0.6720554442927971,0,0
41,327,654,54916086007427,54916086008081,recovered,9,,,47738923395714,7.65150366215821,2.034902185668484,3,3
41,328,656,65862966031241,65862966031897,recovered,10,,,58685803419528,9.176741505585206,2.216672185802066,3,3
41,329,658,39883132551139,39883132551797,recovered,7,,,32705969939426,5.556949829456343,1.7150493659065413,2,2
41,330,660,10653514291843,10653514292503,recovered,1,,,3476351680130,1.4843629534680818,0.39498569264959277,0,0
41,331,662,11082394066097,11082394066759,recovered,2,,,3905231454384,1.544119126966795,0.4344536033975485,0,0
41,332,664,38745678640849,38745678641513,recovered,6,,,31568516029136,5.3984674358104625,1.686115105105817,2,2
41,333,666,18691113008663,18691113009329,recovered,3,,,11513950396950,2.6042482273091374,0.9571440451906803,1,1
41,334,668,28340177964929,28340177965597,recovered,5,,,21163015353216,3.94866042448005,1.37337638835139,2,2
41,335,670,47137733785861,47137733786531,recovered,8,,,39960571174148,6.567739416818155,1.8821696967007884,3,3
41,336,672,26456514142099,26456514142771,recovered,4,,,19279351530386,3.686207986833466,1.3045982838178263,2,2
42,338,676,78610833115261,78610833115937,recovered,14,,,64781784555560,5.684471551017582,1.7377381679157942,2,2
42,339,678,37970994487033,37970994487711,recovered,8,,,24141945927332,2.745741641090454,1.010051217373373,1,1
42,340,680,82385435331119,82385435331799,recovered,15,,,68556386771418,5.957418905245371,1.7846373176858379,2,2
42,341,682,41459443375351,41459443376033,recovered,9,,,27630394815650,2.997996803349673,1.0979443334188879,1,1
42,342,684,30236507704253,30236507704937,recovered,5,,,16407459144552,2.186448877789373,0.7822787107556879,1,1
42,343,686,74014757794301,74014757794987,recovered,13,,,60185709234600,5.352122199497236,1.6774931550572796,2,2
42,344,688,110526670235599,110526670236287,recovered,18,,,96697621675898,7.992355349570681,2.0784855035172902,3,3
42,345,690,15712145060693,15712145061383,recovered,2,,,1883096500992,1.1361696354497952,0.1276626361312494,0,0
42,346,692,43603583701331,43603583702023,recovered,10,,,29774535141630,3.153042923603253,1.1483679940456653,2,2
42,347,694,62088893223739,62088893224433,recovered,12,,,48259844664038,4.489744392442963,1.5017957719472699,2,2
42,348,696,23333096984797,23333096985493,recovered,4,,,9504048425096,1.6872525166186478,0.523101476190806,1,1
42,349,698,33785727371453,33785727372151,recovered,6,,,19956678811752,2.443098469543843,0.8932670982761762,1,1
42,350,700,14998144209049,14998144209749,recovered,1,,,1169095649348,1.084539123881222,0.08115512613544416,0,0
42,351,702,19786638118631,19786638119333,recovered,3,,,5957589558930,1.4308025626788898,0.35823551948225796,1,1
42,352,704,97731545943599,97731545944303,recovered,16,,,83902497383898,7.067120020707489,1.9554530448257865,3,3
42,353,706,35625755878981,35625755879687,recovered,7,,,21796707319280,2.5761537914327253,0.9462975081031737,1,1
42,354,708,143679495784681,143679495785389,recovered,20,,,129850447224980,10.389687704429285,2.340813747337874,3,3
42,355,710,138965383978937,138965383979647,recovered,19,,,125136335419236,10.048802951194611,2.307453518077135,3,3
42,356,712,106749746034601,106749746035313,recovered,17,,,92920697474900,7.719240088987658,2.0437159251227777,3,3
42,357,714,49639993268989,49639993269703,recovered,11,,,35810944709288,3.5895450836469025,1.2780254768237258,2,2
43,359,718,82342388119111,82342388119829,recovered,8,,,62761053926688,4.2051469685336045,1.43630924371393,1,1
43,360,720,111113196467011,111113196467731,recovered,10,,,91531862274588,5.674444620326549,1.7359726943188083,2,2
43,361,722,218356872845927,218356872846649,recovered,21,,,198775538653504,11.151276552463939,2.4115539803629797,4,3
43,362,724,59692452738913,59692452739637,recovered,6,,,40111118546490,3.0484364421915133,1.1146288172691123,1,1
43,363,726,156100489308167,156100489308893,recovered,16,,,136519155115744,7.971902617778216,2.075923186743853,2,2
43,364,728,57723522921803,57723522922531,recovered,5,,,38142188729380,2.9478850804833883,1.0810879913703135,1,1
43,365,730,24179270588173,24179270588903,recovered,1,,,4597936395750,1.23481221200592,0.21091890346246323,0,0
43,366,732,140085225001801,140085225002533,recovered,11,,,120503890809378,7.154018394518133,1.9676742120549535,2,2
43,367,734,154312610974979,154312610975713,recovered,15,,,134731276782556,7.88059738210741,2.0644037109084694,2,2
43,368,736,161443383249583,161443383250319,recovered,17,,,141862049057160,8.244759098797953,2.10957773773122,2,2
43,369,738,143282994823909,143282994824647,recovered,12,,,123701660631486,7.317325439415276,1.9902448840776725,2,2
43,370,740,57360609786539,57360609787279,recovered,4,,,37779275594116,2.9293514539338537,1.074781051747907,1,1
43,371,742,189442329715069,189442329715811,recovered,20,,,169860995522646,9.674638502843884,2.2695078741706483,3,2
43,372,744,42610475373269,42610475374013,recovered,2,,,23029141180846,2.176076203722478,0.7775233484735576,0,0
43,373,746,184219698008123,184219698008869,recovered,19,,,164638363815700,9.407923699060651,2.24155228090449,3,2
43,374,748,172373989611793,172373989612541,recovered,18,,,152792655419370,8.802974706314606,2.175089699171745,3,2
43,375,750,145508250945419,145508250946169,recovered,14,,,125926916752996,7.430967140212715,2.005656017178301,2,2
43,376,752,255294593822687,255294593823439,recovered,23,,,235713259630264,13.037650617365658,2.567841372886481,4,3
43,377,754,219831875554399,219831875555153,recovered,22,,,200250541361976,11.226603529368441,2.4182862768215956,4,3
43,378,756,70099348325843,70099348326599,recovered,7,,,50518014133420,3.5799066415488663,1.2753367222929315,1,1
43,379,758,47581758352253,47581758353011,recovered,3,,,28000424159830,2.4299548684820858,0.8878726845388665,1,1
43,380,760,98103148488133,98103148488893,recovered,9,,,78521814295710,5.0100339192461165,1.611442685382461,2,2
43,381,762,144895907074481,144895907075243,recovered,13,,,125314572882058,7.399695324670394,2.001438827020681,2,2
43,382,764,323811481625339,323811481626103,recovered,24,,,304230147432916,16.536742514237762,2.805584724264309,4,3
44,384,768,423683030575549,423683030576317,recovered,4,,,380840746650198,9.889366106479764,2.2914600491901704,3,2
44,385,770,214198375528463,214198375529233,recovered,3,,,171356091603112,4.999695532144955,1.6093770170090025,2,1
44,386,772,186129514280467,186129514281239,recovered,1,,,143287230355116,4.344528284364618,1.4689171876602372,2,1
44,387,774,469789142849483,469789142850257,recovered,5,,,426946858924132,10.965548514361425,2.3947584047282566,3,2
44,388,776,187865909338091,187865909338867,recovered,2,,,145023625412740,4.385058221112376,1.4782029030706387,2,1
45,390,780,471911699384963,471911699385743,recovered,4,,,381037369973470,5.193014379760361,1.647314333924468,2,1
45,391,782,726507223559111,726507223559893,recovered,10,,,635632894147618,7.994636420032043,2.078770869333413,2,1
45,392,784,497687231721157,497687231721941,recovered,6,,,406812902309664,5.476653692458652,1.700494274381058,2,1
45,393,786,554544106989673,554544106990459,recovered,7,,,463669777578180,6.102318559937996,1.8086687907557928,2,1
45,394,788,96949415903999,96949415904787,recovered,1,,,6075086492506,1.0668515138636905,0.06471180037106744,0,0
45,395,790,678106044936511,678106044937301,recovered,9,,,587231715525018,7.46201979511664,2.009826127585134,2,1
45,396,792,244668132223727,244668132224519,recovered,2,,,153793802812234,2.6923789568320435,0.9904251733580345,2,1
45,397,794,673252372176533,673252372177327,recovered,8,,,582378042765040,7.408608971714578,2.0026426985703645,2,1
45,398,796,1271309838631957,1271309838632753,recovered,12,,,1180435509220464,13.989757579120829,2.638325460372919,3,2
45,399,798,309715100117419,309715100118217,recovered,3,,,218840770705926,3.4081693050518282,1.2261752864455138,2,1
45,400,800,486258341004083,486258341004883,recovered,5,,,395384011592590,5.350887804654163,1.6772624919357715,2,1
45,401,802,913982990753641,913982990754443,recovered,11,,,823108661342148,10.05765871036016,2.3083344050165935,2,1
46,404,808,546609721879171,546609721879979,recovered,9,,,328400316442628,2.5049778252483685,0.9182798823013871,0,0
46,405,810,518557948410967,518557948411777,recovered,8,,,300348542974424,2.376423451471104,0.8655966059371658,0,0
46,406,812,1710270958551941,1710270958552753,recovered,34,,,1492061553115398,7.837750875726121,2.0589519151087656,3,3
46,407,814,827873854500949,827873854501763,recovered,16,,,609664449064406,3.7939421210773667,1.3334056160135814,0,0
46,408,816,632213931500513,632213931501329,recovered,10,,,414004526063970,2.897280849263694,1.0637726589498393,0,0
46,409,818,860149012919321,860149012920139,recovered,18,,,641939607482778,3.9418512286330345,1.371650467945557,0,0
46,410,820,497067290087413,497067290088233,recovered,6,,,278857884650870,2.2779370535976464,0.8232702323331349,0,0
46,411,822,799615339016671,799615339017493,recovered,14,,,581405933580128,3.6644402995232275,1.298675608676008,0,0
46,412,824,1330854031506047,1330854031506871,recovered,23,,,1112644626069504,6.098976480154838,1.8081209669623743,1,1
46,413,826,407835172832953,407835172833779,recovered,3,,,189625767396410,1.8690082217906718,0.6254079274956772,0,0
46,414,828,807201813046091,807201813046919,recovered,15,,,588992407609548,3.699207242837347,1.308118538000897,0,0
46,415,830,507747400047473,507747400048303,recovered,7,,,289537994610930,2.326881368984482,0.844528902781891,0,0
46,416,832,243212983783999,243212983784831,recovered,1,,,25003578347456,1.114585245752513,0.10848235880793664,0,0
46,417,834,743844653663833,743844653664667,recovered,12,,,525635248227290,3.4088569746831965,1.226377037063887,0,0
46,418,836,880772773476623,880772773477459,recovered,19,,,662563368040080,4.036364847402321,1.39534449667187,0,0
46,419,838,1384201395984013,1384201395984851,recovered,25,,,1165991990547470,6.343454321846588,1.847423465791726,1,1
46,420,840,670250273356109,670250273356949,recovered,11,,,452040867919566,3.071592042585089,1.1221960078292397,0,0
46,421,842,1142191569235289,1142191569236131,recovered,22,,,923982163798746,5.234382848668946,1.655248947911472,0,0
46,422,844,782685877447783,782685877448627,recovered,13,,,564476472011240,3.586856743786849,1.2772762601409227,0,0
46,423,846,1045130023589621,1045130023590467,recovered,20,,,826920618153078,4.789573673503056,1.566441404017744,0,0
46,424,848,2537070652896083,2537070652896931,recovered,40,,,2318861247459540,11.626770385174268,2.4533102310760793,3,3
46,425,850,2441387599467679,2441387599468529,recovered,38,,,2223178194031136,11.188278500569279,2.4148666678229995,3,3
46,426,852,1432204101894959,1432204101895811,recovered,29,,,1213994696458416,6.5634389087387675,1.8815146894917594,1,1
46,427,854,1361832741886937,1361832741887791,recovered,24,,,1143623336450394,6.240944285433052,1.831131498726199,1,1
46,428,856,1392892713537313,1392892713538169,recovered,27,,,1174683308100770,6.383284491109514,1.8536827754059584,1,1
46,429,858,1464551007952943,1464551007953801,recovered,30,,,1246341602516400,6.711676818068439,1.9038488181350488,1,1
46,430,860,844893392671019,844893392671879,recovered,17,,,626683987234476,3.8719384757075495,1.353755279749751,0,0
46,431,862,425746080787897,425746080788759,recovered,4,,,207536675351354,1.9510895047633834,0.6683879369410101,0,0
46,432,864,2298355839009413,2298355839010277,recovered,36,,,2080146433572870,10.53279914498366,2.3544941165549242,3,3
46,433,866,2759317684446707,2759317684447573,recovered,43,,,2541108279010164,12.645273831925353,2.5372835352394003,3,3
46,434,868,1420178764273021,1420178764273889,recovered,28,,,1201969358836478,6.508329746061381,1.8730828558761383,1,1
46,435,870,1598729274799313,1598729274800183,recovered,33,,,1380519869362770,7.326582791428923,1.9915092123022,1,1
46,436,872,455780714877767,455780714878639,recovered,5,,,237571309441224,2.0887308407533864,0.7365566282957565,0,0
46,437,874,1466977528790023,1466977528790897,recovered,31,,,1248768123353480,6.722796965855954,1.9055042830986926,1,1
46,438,876,1125406185245561,1125406185246437,recovered,21,,,907196779809018,5.157459565017869,1.6404441258972229,0,0
46,439,878,2705074880971613,2705074880972491,recovered,42,,,2486865475535070,12.396692413692818,2.517429696198104,3,3
46,440,880,277900416100927,277900416101807,recovered,2,,,59691010664384,1.273549210882858,0.24180765692310172,0,0
46,441,882,3371055452381147,3371055452382029,recovered,46,,,3152846046944604,15.448717463104385,2.737525987801256,3,3
46,442,884,1385684246418833,1385684246419717,recovered,26,,,1167474840982290,6.3502498604341815,1.8484941602303553,1,1
46,443,886,4127074165753081,4127074165753967,recovered,48,,,3908864760316538,18.91336515718277,2.9398688233257078,3,3
46,444,888,2389167248757889,2389167248758777,recovered,37,,,2170957843321346,10.948965485599462,2.3932449755983902,3,3
46,445,890,3346735005760637,3346735005761527,recovered,45,,,3128525600324094,15.337262841925911,2.7302853472883646,3,3
46,446,892,2606748800671237,2606748800672129,recovered,41,,,2388539395234694,11.946088187428291,2.4804038764549983,3,3
46,447,894,2508853349189969,2508853349190863,recovered,39,,,2290643943753426,11.49745742705652,2.4421259176250447,3,3
46,448,896,3720181237979117,3720181237980013,recovered,47,,,3501971832542574,17.04867501259461,2.8360724888385183,3,3
46,449,898,4198168149492463,4198168149493361,recovered,49,,,3979958744055920,19.239171387199086,2.9569483771167477,3,3
46,450,900,2069461000669981,2069461000670881,recovered,35,,,1851251595233438,9.483830435859907,2.249588289074529,3,3
46,451,902,1555616198548067,1555616198548969,recovered,32,,,1337406793111524,7.129006173844566,1.9641718381534312,1,1
46,452,904,3182353047511543,3182353047512447,recovered,44,,,2964143642075000,14.583940784518548,2.679920977063576,3,3
47,454,908,2126985673135679,2126985673136587,recovered,2,,,937525703310196,1.7881944135099808,0.5812064032285171,2,2
47,455,910,1744027311944761,1744027311945671,recovered,1,,,554567342119278,1.4662345570155202,0.38269758863035264,2,2
47,456,912,2819939997576017,2819939997576929,recovered,3,,,1630480027750534,2.370773350186604,0.8632162100157452,2,2
47,457,914,3780822371661509,3780822371662423,recovered,4,,,2591362401836026,3.1786041292471823,1.1564421473570625,2,2
48,459,918,2406868929767921,2406868929768839,recovered,1,,,719873988812118,1.4267197081244702,0.3553778988264074,1,1
48,460,920,4020057623095403,4020057623096323,recovered,2,,,2333062682139600,2.3829695783306577,0.8683474319128588,1,1
48,461,922,4286129201882221,4286129201883143,recovered,3,,,2599134260926418,2.540688829483877,0.932435236974537,1,1
49,463,926,6381944136489827,6381944136490753,recovered,17,,,4688761817743456,3.7692007918054604,1.3268629874229934,0,0
49,464,928,10244316228469423,10244316228470351,recovered,27,,,8551133909723052,6.050332628121404,1.8001132503861907,0,0
49,465,930,3877048405466683,3877048405467613,recovered,5,,,2183866086720312,2.289799723598131,0.8284643567975192,0,0
49,466,932,10676480515967939,10676480515968871,recovered,30,,,8983298197221568,6.305570521119536,1.8414334524158829,0,0
49,467,934,8775815387922523,8775815387923457,recovered,22,,,7082633069176152,5.183030374673485,1.6453898996328986,0,0
49,468,936,2053649128145117,2053649128146053,recovered,1,,,360466809398746,1.212893086236357,0.1930084861238199,0,0
49,469,938,3945256745730569,3945256745731507,recovered,6,,,2252074426984198,2.3300838321130293,0.8459042463780164,0,0
49,470,940,9438544090485889,9438544090486829,recovered,24,,,7745361771739518,5.5744404993988885,1.7181919534576786,0,0
49,471,942,10369943471405191,10369943471406133,recovered,28,,,8676761152658820,6.124528561745836,1.812301783957602,0,0
49,472,944,4698198022874969,4698198022875913,recovered,8,,,3005015704128598,2.7747738509066795,1.020569248708722,0,0
49,473,946,8445899254653313,8445899254654259,recovered,21,,,6752716935906942,4.9881806354478355,1.6070712411652535,0,0
49,474,948,5806170698601659,5806170698602607,recovered,15,,,4112988379855288,3.429146781369969,1.23231147844681,0,0
49,475,950,5000793739812263,5000793739813213,recovered,10,,,3307611421065892,2.953488047001838,1.082986860694779,0,0
49,476,952,3441724070563411,3441724070564363,recovered,3,,,1748541751817040,2.0326954944294817,0.7093627420355703,0,0
49,477,954,8909512917643439,8909512917644393,recovered,23,,,7216330598897068,5.261992650761925,1.6605097859546256,0,0
49,478,956,7664508840731297,7664508840732253,recovered,20,,,5971326521984926,4.52668844688036,1.5099906449855542,0,0
49,479,958,6074186033971933,6074186033972891,recovered,16,,,4381003715225562,3.58743767089964,1.2774382069695531,0,0
49,480,960,5146835719824811,5146835719825771,recovered,11,,,3453653401078440,3.0397410029863283,1.1117723154026358,0,0
49,481,962,9492966874626647,9492966874627609,recovered,25,,,7799784555880276,5.606582805362167,1.7239414083383426,0,0
49,482,964,5241451254010087,5241451254011051,recovered,13,,,3548268935263716,3.0956213019581065,1.1299886297569806,0,0
49,483,966,5158509484643071,5158509484644037,recovered,12,,,3465327165896700,3.0466355734581625,1.1140378910975655,0,0
49,484,968,19124990244992669,19124990244993637,recovered,48,,,17431807926246298,11.29529291278731,2.424386082544077,0,0
49,485,970,10048813989052669,10048813989053639,recovered,26,,,8355631670306298,5.93486825239989,1.780844829399049,0,0
49,486,972,4452510040366189,4452510040367161,recovered,7,,,2759327721619818,2.629669581987378,0.9668582040717013,0,0
49,487,974,10773850897499933,10773850897500907,recovered,31,,,9080668578753562,6.363077843546625,1.8505121979565278,0,0
49,488,976,14954841632404033,14954841632405009,recovered,43,,,13261659313657662,8.832387077769965,2.1784253153146347,0,0
49,489,978,12040807275386881,12040807275387859,recovered,37,,,10347624956640510,7.1113471609494905,1.961691699981049,0,0
49,490,980,19403684901755939,19403684901756919,recovered,50,,,17710502583009568,11.459891050671017,2.4388532043191526,0,0
49,491,982,18730085806290949,18730085806291931,recovered,47,,,17036903487544578,11.062060830022528,2.403521310565008,0,0
49,492,984,11666708491143997,11666708491144981,recovered,33,,,9973526172397626,6.890402977856517,1.9301295706674282,0,0
49,493,986,34847474118974633,34847474118975619,recovered,71,,,33154291800228262,20.581052455577044,3.024370868825088,0,0
49,494,988,11678629605932719,11678629605933707,recovered,34,,,9985447287186348,6.897443634173758,1.9311508551547478,0,0
49,495,990,2764496039544377,2764496039545367,recovered,2,,,1071313720798006,1.6327220104632352,0.4902485670802657,0,0
49,496,992,4941033906441539,4941033906442531,recovered,9,,,3247851587695168,2.918193659203736,1.0709648150004296,0,0
49,497,994,3614455901007619,3614455901008613,recovered,4,,,1921273582261248,2.1347115788946787,0.7583315457022521,0,0
49,498,996,14693181579822451,14693181579823447,recovered,42,,,12999999261076080,8.677849642737383,2.160773760968554,0,0
49,499,998,11813551133888459,11813551133889457,recovered,36,,,10120368815142088,6.977128808334823,1.9426374866377383,0,0
49,500,1000,22439962446379651,22439962446380651,recovered,56,,,20746780127633280,13.253128265002292,2.5842336200379523,0,0
49,501,1002,14595374896200821,14595374896201823,recovered,41,,,12902192577454450,8.620084638615415,2.1540949034922945,0,0
49,502,1004,7548471163197917,7548471163198921,recovered,19,,,5855288844451546,4.458156147523907,1.4947352607127418,0,0
49,503,1006,37343192296558573,37343192296559579,recovered,73,,,35650009977812202,22.055033225369023,3.0935408400336204,0,0
49,504,1008,5356763933625179,5356763933626187,recovered,14,,,3663581614878808,3.1637254147511515,1.1517502619267823,0,0
49,505,1010,21743496643443551,21743496643444561,recovered,55,,,20050314324697180,12.84179287883327,2.552704920822019,0,0
49,506,1012,22972837749135871,22972837749136883,recovered,58,,,21279655430389500,13.56784647157485,2.6077027635060785,0,0
49,507,1014,13206732046682519,13206732046683533,recovered,38,,,11513549727936148,7.799946822301309,2.0541169160186272,0,0
49,508,1016,25488154987300883,25488154987301899,recovered,62,,,23794972668554512,15.053402522046335,2.7116040468414737,0,0
49,509,1018,37967240836435909,37967240836436927,recovered,74,,,36274058517689538,22.4235986970067,3.1101139175645818,0,0
49,510,1020,24873160697653789,24873160697654809,recovered,60,,,23179978378907418,14.690184525473802,2.6871795514053143,0,0
49,511,1022,10501301105720969,10501301105721991,recovered,29,,,8808118786974598,6.202108886594157,1.824889377214588,0,0
49,512,1024,22790428875364879,22790428875365903,recovered,57,,,21097246556618508,13.460115088042539,2.599730874554659,0,0
49,513,1026,14337646064564951,14337646064565977,recovered,40,,,12644463745818580,8.467868997817387,2.136278882890481,0,0
49,514,1028,16608210365179331,16608210365180359,recovered,46,,,14915028046432960,9.808873020523873,2.2832873862974377,0,0
49,515,1030,21028354658071549,21028354658072579,recovered,53,,,19335172339325178,12.419427267372425,2.519261961703932,0,0
49,516,1032,19449190302424919,19449190302425951,recovered,51,,,17756007983678548,11.486766715603942,2.441195652399889,0,0
49,517,1034,11453766801670289,11453766801671323,recovered,32,,,9760584482923918,6.764638795750381,1.911708867107915,0,0
49,518,1036,36077433695182153,36077433695183189,recovered,72,,,34384251376435782,21.3074713193874,3.0590577773797314,0,0
49,519,1038,28269785077311409,28269785077312447,recovered,65,,,26576602758565038,16.69624396871939,2.8151837820734693,0,0
49,520,1040,46246848392875127,46246848392876167,recovered,80,,,44553666074128756,27.31356681489339,3.3073835316772007,1,1
49,521,1042,33215047653774409,33215047653775451,recovered,69,,,31521865335028038,19.616935096727662,2.976393228719966,0,0
49,522,1044,7123663452896833,7123663452897877,recovered,18,,,5430481134150462,4.2072630773578945,1.436812335897354,0,0
49,523,1046,25702173876611591,25702173876612637,recovered,63,,,24008991557865220,15.179802902525838,2.7199657878598598,0,0
49,524,1048,88089672331629091,88089672331630139,recovered,91,,,86396490012882720,52.02609982181394,3.9517455123121605,3,3
49,525,1050,13893290219203981,13893290219205031,recovered,39,,,12200107900457610,8.205430723780855,2.1047962184452556,0,0
49,526,1052,89219242873419107,89219242873420159,recovered,92,,,87526060554672736,52.69322853517444,3.9644869564980136,3,3
49,527,1054,26014156620917407,26014156620918461,recovered,64,,,24320974302171036,15.364061113145949,2.7320310881603316,0,0
49,528,1056,11765987635602143,11765987635603199,recovered,35,,,10072805316855772,6.949037623020809,1.938603178480839,0,0
49,529,1058,28642379760272723,28642379760273781,recovered,66,,,26949197441526352,16.916299823801307,2.828277643726124,0,0
49,530,1060,15114558265244791,15114558265245851,recovered,44,,,13421375946498420,8.926716336392872,2.1890486157758002,0,0
49,531,1062,15500910867678727,15500910867679789,recovered,45,,,13807728548932356,9.154897671714156,2.21428900075261,0,0
49,532,1064,43614652195746623,43614652195747687,recovered,78,,,41921469877000252,25.75898160101201,3.248783366332454,0,0
49,533,1066,98436147540371287,98436147540372353,recovered,94,,,96742965221624916,58.136767937225585,4.062798302550499,3,3
49,534,1068,23900175352205171,23900175352206239,recovered,59,,,22206993033458800,14.115535632276632,2.6472760087202505,0,0
49,535,1070,83122134991935569,83122134991936639,recovered,88,,,81428952673189198,49.09225313283394,3.893701245016964,3,3
49,536,1072,40433690575714297,40433690575715369,recovered,76,,,38740508256967926,23.880293414386305,3.1730535754835185,0,0
49,537,1074,33288359939765017,33288359939766091,recovered,70,,,31595177621018646,19.660233615250398,2.978597997418024,0,0
49,538,1076,20931714475256591,20931714475257667,recovered,52,,,19238532156510220,12.36235120312052,2.514655660728409,0,0
49,539,1078,72638824545480979,72638824545482057,recovered,85,,,70945642226734608,42.900769598906884,3.7588897651415216,2,2
49,540,1080,50393998281635599,50393998281636679,recovered,81,,,48700815962889228,29.762889515021172,3.3932622991703036,1,1
49,541,1082,65850655232778077,65850655232779159,recovered,83,,,64157472914031706,38.89165065315221,3.6607795914210093,2,2
49,542,1084,41762363147589283,41762363147590367,recovered,77,,,40069180828842912,24.665012553704234,3.2053857436539173,0,0
49,543,1086,91279735474288321,91279735474289407,recovered,93,,,89586553155541950,53.91016340276437,3.9873190204878166,3,3
49,544,1088,86140861070845751,86140861070846839,recovered,90,,,84447678752099380,50.87512438390231,3.929374088652199,3,3
49,545,1090,68402499016330903,68402499016331993,recovered,84,,,66709316697584532,40.39877942203884,3.6987995721849316,2,2
49,546,1092,78120687162386527,78120687162387619,recovered,86,,,76427504843640156,46.13837877791385,3.831645115108649,2,2
49,547,1094,139033656446725643,139033656446726737,recovered,100,,,137340474127979272,82.11381308875579,4.408106249428905,3,3
49,548,1096,85302586561540801,85302586561541897,recovered,89,,,83609404242794430,50.380036229470356,3.9195949900482696,3,3
49,549,1098,25016149672697549,25016149672698647,recovered,61,,,23322967353951178,14.774634364962811,2.6929118161137238,0,0
49,550,1100,21475286713974413,21475286713975513,recovered,54,,,19782104395228042,12.683387061279186,2.540293031736725,0,0
49,551,1102,39793570504639117,39793570504640219,recovered,75,,,38100388185892746,23.50223603451175,3.157095567028356,0,0
49,552,1104,100782668521266887,100782668521267991,recovered,96,,,99089486202520516,59.522632267909685,4.0863566144782215,3,3
49,553,1106,29835422457878441,29835422457879547,recovered,67,,,28142240139132070,17.620915436896677,2.869086573579373,0,0
49,554,1108,43986327184963729,43986327184964837,recovered,79,,,42293144866217358,25.978494281425714,3.257269052727853,1,1
49,555,1110,98478363965750941,98478363965752051,recovered,95,,,96785181647004570,58.1617011206827,4.063227081777622,3,3
49,556,1112,114325788973753817,114325788973754929,recovered,98,,,112632606655007446,67.5212513785287,4.212442383565733,3,3
49,557,1114,198887512806988729,198887512806989843,recovered,102,,,197194330488242358,117.46373122667893,4.766129615524454,3,3
49,558,1116,183670944093871963,183670944093873079,recovered,101,,,181977761775125592,108.4767671268039,4.686536022188312,3,3
49,559,1118,78661510510855829,78661510510856947,recovered,87,,,76968328192109458,46.45779113090235,3.838544182753198,2,2
49,560,1120,19182559946240569,19182559946241689,recovered,49,,,17489377627494198,11.329293800116753,2.427391743010532,0,0
49,561,1122,31068473876462989,31068473876464111,recovered,68,,,29375291557716618,18.34916035472543,2.9095838162180137,0,0
49,562,1124,203153416523088323,203153416523089447,recovered,103,,,201460234204341952,119.9831903947017,4.787351652925768,3,3
49,563,1126,102747074635818793,102747074635819919,recovered,97,,,101053892317072422,60.68281808653219,4.105660595170769,3,3
49,564,1128,57701567767397551,57701567767398679,recovered,82,,,56008385448651180,34.078768203839786,3.5286745570543685,2,2
49,565,1130,128626712407417247,128626712407418377,recovered,99,,,126933530088670876,75.96743184907118,4.330304720140144,3,3
50,567,1134,59847994456941689,59847994456942823,recovered,2,,,16006446611400630,1.3650976618752884,0.3112259732389304,1,1
50,568,1136,180522639380365181,180522639380366317,recovered,17,,,136681091534824122,4.117615555371533,1.415274247125533,2,2
50,569,1138,157238558611311811,157238558611312949,recovered,14,,,113397010765770752,3.586519325578599,1.2771821849926979,2,2
50,570,1140,79017505670475503,79017505670476643,recovered,8,,,35175957824934444,1.80234297267203,0.5890874699726976,1,1
50,571,1142,94806694814591819,94806694814592961,recovered,9,,,50965146969050760,2.1624851191068113,0.7712580784623301,2,2
50,572,1144,236552906662007587,236552906662008731,recovered,22,,,192711358816466528,5.395633098890837,1.6855899410172197,4,4
50,573,1146,60592199607166471,60592199607167617,recovered,3,,,16750651761625412,1.382072544989514,0.323584216724304,1,1
50,574,1148,120851132995428191,120851132995429339,recovered,10,,,77009585149887132,2.756543482935433,1.0139775336140702,2,2
50,575,1150,293464161465135373,293464161465136523,recovered,23,,,249622613619594314,6.693745451210897,1.9011735756560284,4,4
50,576,1152,125996288873077487,125996288873078639,recovered,12,,,82154741027536428,2.873901471658283,1.0556705044172152,2,2
50,577,1154,172875009928864583,172875009928865737,recovered,16,,,129033462083323524,3.943177611746821,1.3719868987064707,2,2
50,578,1156,78944802602538877,78944802602540033,recovered,7,,,35103254756997818,1.8006846583216158,0.5881669583156425,1,1
50,579,1158,74224828152967109,74224828152968267,recovered,6,,,30383280307426050,1.693024808669391,0.5265167567172261,1,1
50,580,1160,58904398834827743,58904398834828903,recovered,1,,,15062850989286684,1.3435747990092612,0.2953338222607039,1,1
50,581,1162,154590409516822759,154590409516823921,recovered,13,,,110748861671281700,3.526116597467384,1.26019715134369,2,2
50,582,1164,216345819354183383,216345819354184547,recovered,21,,,172504271508642324,4.934721285762884,1.5962961942414953,3,3
50,583,1166,61499427052410467,61499427052411633,recovered,4,,,17657879206869408,1.4027658710655062,0.33844590983587874,1,1
50,584,1168,213246910999548949,213246910999550117,recovered,20,,,169405363154007890,4.864037003229059,1.5818687522066923,3,3
50,585,1170,125160515463958367,125160515463959537,recovered,11,,,81318967618417308,2.854837970249445,1.049015088520035,2,2
50,586,1172,400240934741322419,400240934741323591,recovered,25,,,356399386895781360,9.129261041407991,2.211484753917028,6,6
50,587,1174,67777708053772723,67777708053773897,recovered,5,,,23936160208231664,1.5459697794558163,0.4356514024035506,1,1
50,588,1176,200984626360730041,200984626360731217,recovered,19,,,157143078515188982,4.584341480570498,1.5226464706541487,2,2
50,589,1178,371964537401929403,371964537401930581,recovered,24,,,328122989556388344,8.484292997875082,2.13821657145206,6,6
50,590,1180,181042197317796421,181042197317797601,recovered,18,,,137200649472255362,4.129466367283141,1.418148189734473,2,2
50,591,1182,172766268126495557,172766268126496739,recovered,15,,,128924720280954498,3.940697274995205,1.3713576810009434,2,2
51,593,1186,404444692323376357,404444692323377543,recovered,5,,,349093915891473114,7.30693801235029,1.9888243094489273,6,6
51,594,1188,349406882169475043,349406882169476231,recovered,4,,,294056105737571800,6.3125922470002225,1.8425464078808775,4,4
51,595,1190,83673835565278157,83673835565279347,recovered,1,,,28323059133374914,1.511701207447742,0.41323564410723423,1,1
51,596,1192,703390724952490921,703390724952492113,recovered,6,,,648039948520587678,12.707874582714409,2.5422218471985447,7,7
51,597,1194,272671045607764619,272671045607765813,recovered,3,,,217320269175861376,4.926237050047986,1.5945754207589393,3,3
51,598,1196,204757944249503741,204757944249504937,recovered,2,,,149407167817600498,3.699278627128431,1.308137835000943,2,2
52,600,1200,399081457010391689,399081457010392889,recovered,2,,,318207832383156840,4.934630528183323,1.5962778024400328,4,4
52,601,1202,819615344996114321,819615344996115523,recovered,9,,,738741720368879472,10.134519737107247,2.315947392210612,7,7
52,602,1204,443136926113560739,443136926113561943,recovered,3,,,362263301486325890,5.479375113407873,1.7009910640579406,6,6
52,603,1206,475086744253214827,475086744253216033,recovered,6,,,394213119625979978,5.874433679002258,1.7706096603204744,6,6
52,604,1208,1331711247969025019,1331711247969026227,recovered,10,,,1250837623341790170,16.46657057980508,2.8013323002742325,7,7
52,605,1210,467250693994588501,467250693994589711,recovered,5,,,386377069367353652,5.777541147045833,1.7539781850875256,6,6
52,606,1212,460909189461777919,460909189461779131,recovered,4,,,380035564834543070,5.699128629218913,1.7403132910875216,6,6
52,607,1214,505283911484360249,505283911484361463,recovered,7,,,424410286857125400,6.2478207674421675,1.8322327257370248,6,6
52,608,1216,577900021137712561,577900021137713777,recovered,8,,,497026396510477712,7.14571683662488,1.9665131333787853,6,6
52,609,1218,140935513411946599,140935513411947817,recovered,1,,,60061888784711750,1.7426634958127674,0.5554146875509522,0,0
53,611,1222,771097525313900857,771097525313902079,recovered,1,,,567111046796444868,3.7801403843927566,1.3297611476701132,5,5
54,613,1226,1169292497427924131,1169292497427925357,recovered,11,,,951257776233709858,5.362872899433195,1.6794998201922966,5,5
54,614,1228,843649638178223431,843649638178224659,recovered,5,,,625614916984009158,3.8693361935998403,1.3530829661277974,5,5
54,615,1230,892327717188081079,892327717188082309,recovered,7,,,674292995993866806,4.0925945753073005,1.4091791394175883,5,5
54,616,1232,637183034848138127,637183034848139359,recovered,3,,,419148313653923854,2.922392504084557,1.072402631509524,4,4
54,617,1234,423956456398811659,423956456398812893,recovered,1,,,205921735204597386,1.944444692463329,0.6649764311458101,4,4
54,618,1236,999195046759853777,999195046759855013,recovered,9,,,781160325565639504,4.582733618237902,1.522295679953352,5,5
54,619,1238,991215618225244991,991215618225246229,recovered,8,,,773180897031030718,4.546136563920571,1.5142777654368167,5,5
54,620,1240,1059422001388912327,1059422001388913567,recovered,10,,,841387280194698054,4.858960057307721,1.5808244350375853,5,5
54,621,1242,675147036415334159,675147036415335401,recovered,4,,,457112315221119886,3.096511568054096,1.1302761772372472,4,4
54,622,1244,854284995847812563,854284995847813807,recovered,6,,,636250274653598290,3.9181144689650544,1.3656105352683712,5,5
54,623,1246,612702185805985321,612702185805986567,recovered,2,,,394667464611771048,2.8101129143565227,1.0332246655833632,4,4
55,625,1250,733214931813155339,733214931813156589,recovered,6,,,427809105292067470,2.400788944223131,0.8757974100947347,3,3
55,626,1252,1032032088646806901,1032032088646808153,recovered,9,,,726626262125719032,3.3792154537547647,1.2176435682785018,4,4
55,627,1254,416961298104009067,416961298104010321,recovered,2,,,111555471582921198,1.3652696245309466,0.3113519362599069,2,2
55,628,1256,571726134106027067,571726134106028323,recovered,4,,,266320307584939198,1.8720210436671225,0.6270186192673899,3,3
55,629,1258,335806927576651033,335806927576652291,recovered,1,,,30401101055563164,1.0995432909773384,0.09489490356848215,0,0
55,630,1260,542411771944351871,542411771944353131,recovered,3,,,237005945423264002,1.776036096373882,0.5743839688982811,3,3
55,631,1262,1087112900219554391,1087112900219555653,recovered,10,,,781707073698466522,3.559568304910812,1.2696392748455254,4,4
55,632,1264,1798556720194308703,1798556720194309967,recovered,11,,,1493150893673220834,5.889071406010392,1.7730983292090774,5,5
55,633,1266,727082020527468413,727082020527469679,recovered,5,,,421676194006380544,2.3807077579682794,0.8673978207731152,3,3
55,634,1268,977147715704817539,977147715704818807,recovered,8,,,671741889183729670,3.1995058078479284,1.1629963628318387,4,4
55,635,1270,882943713911424097,882943713911425367,recovered,7,,,577537887390336228,2.8910506520754216,1.0616199834879272,4,4
56,637,1274,1430953616048277509,1430953616048278783,recovered,15,,,1078432392596913186,4.059198484671375,1.4009855365556012,4,4
56,638,1276,445249915053000907,445249915053002183,recovered,1,,,92728691601636584,1.2630442805507565,0.23352490257226582,2,2
56,639,1278,1011286887276072703,1011286887276073981,recovered,6,,,658765663824708380,2.8687262496568384,1.0538681158057241,3,3
56,640,1280,1024528376045432807,1024528376045434087,recovered,7,,,672007152594068484,2.906288495242279,1.066876835940569,3,3
56,641,1282,1421604699797863297,1421604699797864579,recovered,14,,,1069083476346498974,4.032678333178414,1.394430754014184,3,3
56,642,1284,697543681633814903,697543681633816187,recovered,4,,,345022458182450580,1.97872818777974,0.682454308920359,2,2
56,643,1286,1450329672253364801,1450329672253366087,recovered,16,,,1097808448802000478,4.114162710698353,1.4144353409344101,4,4
56,644,1288,1134477539738474479,1134477539738475767,recovered,9,,,781956316287110156,3.2181822377426106,1.1688166777133473,3,3
56,645,1290,2980707563031238363,2980707563031239653,recovered,26,,,2628186339579874040,8.4553988944228,2.1348051597619535,4,4
56,646,1292,494653394305448051,494653394305449343,recovered,2,,,142132170854083728,1.4031875569434844,0.33874647496781823,2,2
56,647,1294,1868326184764055803,1868326184764057097,recovered,20,,,1515804961312691480,5.299897028814834,1.6676873918438369,4,4
56,648,1296,1799235198379903447,1799235198379904743,recovered,19,,,1446713974928539124,5.103906030860963,1.6300061349915336,4,4
56,649,1298,1739018026817067239,1739018026817068537,recovered,18,,,1386496803365702916,4.933087460071723,1.5959650516852961,4,4
56,650,1300,1141041866384833123,1141041866384834423,recovered,10,,,788520642933468800,3.236803319849641,1.1745862130887645,3,3
56,651,1302,1731080876394228577,1731080876394229879,recovered,17,,,1378559652942864254,4.910572076898109,1.5913904476259022,4,4
56,652,1304,1188134379382395323,1188134379382396627,recovered,11,,,835613155931031000,3.3703910583026686,1.2150287786713974,3,3
56,653,1306,3278018069102480227,3278018069102481533,recovered,27,,,2925496845651115904,9.298782175464487,2.2298834427098715,4,4
56,654,1308,749565457554371299,749565457554372607,recovered,5,,,397044234103006976,2.126298808950393,0.7543828198791099,2,2
56,655,1310,1918586799657617591,1918586799657618901,recovered,21,,,1566065576206253268,5.4424717492855175,1.6942333233525086,4,4
56,656,1312,1396487719253403577,1396487719253404889,recovered,13,,,1043966495802039254,3.9614287774820185,1.3766047625873064,3,3
56,657,1314,1214119646547613277,1214119646547614591,recovered,12,,,861598423096248954,3.444103690157309,1.2366636935911568,3,3
56,658,1316,2187394669865744117,2187394669865745433,recovered,23,,,1834873446414379794,6.2050013569396585,1.825355637341423,4,4
56,659,1318,2216270859803142601,2216270859803143919,recovered,24,,,1863749636351778278,6.286914694396864,1.8384704407383061,4,4
56,660,1320,605046330029026447,605046330029027767,recovered,3,,,252525106577662124,1.716340151396592,0.5401942048466907,2,2
56,661,1322,1106028436187467937,1106028436187469259,recovered,8,,,753507212736103614,3.137480419927288,1.143420063777804,3,3
56,662,1324,2937020849713856977,2937020849713858301,recovered,25,,,2584499626262492654,8.331472417345289,2.1200402013441533,4,4
56,663,1326,2075069444143279153,2075069444143280479,recovered,22,,,1722548220691914830,5.886367418753631,1.7726390703492545,4,4
57,665,1330,2918478076849134103,2918478076849135433,recovered,8,,,2517048150849980396,7.270205552276854,1.9837845651865575,3,3
57,666,1332,3103251464536797599,3103251464536798931,recovered,10,,,2701821538537643892,7.730493576962022,2.0451727126904977,3,3
57,667,1334,2722012569747681653,2722012569747682987,recovered,6,,,2320582643748527946,6.780791349754578,1.9140938133941465,3,3
57,668,1336,2221899288238768093,2221899288238769429,recovered,5,,,1820469362239614386,5.534961756297791,1.7110846567054365,3,3
57,669,1338,2927648057268473633,2927648057268474971,recovered,9,,,2526218131269319926,7.293048842787684,1.9869216811944899,3,3
57,670,1340,1954317467127310787,1954317467127312127,recovered,4,,,1552887541128157080,4.868390073966311,1.5827633021463956,3,3
57,671,1342,1578169106141187727,1578169106141189069,recovered,3,,,1176739180142034020,3.9313688490292447,1.3689876728771744,3,3
57,672,1344,753917635380895597,753917635380896941,recovered,1,,,352487709381741890,1.8780802988327407,0.630250137503907,1,1
57,673,1346,4646044042396639877,4646044042396641223,recovered,13,,,4244614116397486170,11.573736140455145,2.448738405281197,3,3
57,674,1348,3754930427730628273,3754930427730629621,recovered,11,,,3353500501731474566,9.353887651461601,2.2357920484833933,3,3
57,675,1350,1180351752204137089,1180351752204138439,recovered,2,,,778921826204983382,2.940368108496788,1.0785347804845482,2,2
57,676,1352,4459397360427487997,4459397360427489349,recovered,12,,,4057967434428334290,11.10878156213219,2.407735927262163,3,3
57,677,1354,2805562883448462853,2805562883448464207,recovered,7,,,2404132957449309146,6.988923101498859,1.9443264816441987,3,3
58,679,1358,523255220614645319,523255220614646677,recovered,1,,,105222574677933192,1.2517089890004987,0.22450980875970356,0,0
58,680,1360,1153277647303540597,1153277647303541957,recovered,3,,,735245001366828470,2.758821968842454,1.0148037657310756,1,1
58,681,1362,3937457950646269397,3937457950646270759,recovered,4,,,3519425304709557270,9.419020234229217,2.242731074073771,2,2
58,682,1364,1051140888051230423,1051140888051231787,recovered,2,,,633108242114518296,2.5144947368784387,0.9220718835190972,1,1
58,683,1366,5662268059649697577,5662268059649698943,recovered,6,,,5244235413712985450,13.545037964587422,2.606020278381962,2,2
58,684,1368,4105079953458040849,4105079953458042217,recovered,5,,,3687047307521328722,9.819998493800716,2.28442096898558,2,2
59,686,1372,4219088970046367161,4219088970046368533,recovered,12,,,3414876139359689492,5.2462343412799015,1.6575105509158963,1,1
59,687,1374,2812814235281609869,2812814235281611243,recovered,5,,,2008601404594932200,3.497599302015471,1.2520768194390695,1,1
59,688,1376,5468779003189090187,5468779003189091563,recovered,18,,,4664566172502412518,6.800163830412367,1.9169467045995374,1,1
59,689,1378,5412399181863804469,5412399181863805847,recovered,17,,,4608186351177126800,6.730058232523378,1.9065837962972674,1,1
59,690,1380,1031501833130243273,1031501833130244653,recovered,1,,,227289002443565604,1.2826229497600712,0.2489071607271303,0,0
59,691,1382,11320694552053653731,11320694552053655113,recovered,29,,,10516481721366976062,14.076739539690596,2.6445237571308304,3,3
59,692,1384,7421944961369698183,7421944961369699567,recovered,23,,,6617732130683020514,9.228831819348699,2.222332477054086,3,3
59,693,1386,3449340080274651527,3449340080274652913,recovered,8,,,2645127249587973858,4.28908859527823,1.4560742617164204,1,1
59,694,1388,2975205524123301149,2975205524123302537,recovered,6,,,2170992693436623480,3.699525064258077,1.3082044503998687,1,1
59,695,1390,3492657661005161107,3492657661005162497,recovered,9,,,2688444830318483438,4.34295192483183,1.4685542839155084,1,1
59,696,1392,1480032037939634731,1480032037939636123,recovered,2,,,675819207252957062,1.8403487005745836,0.6099550648477575,1,1
59,697,1394,6910128698372846693,6910128698372848087,recovered,21,,,6105915867686169024,8.592412897059388,2.1508795926010777,3,3
59,698,1396,8382021357433147093,8382021357433148489,recovered,25,,,7577808526746469424,10.422640671221513,2.343980427560746,3,3
59,699,1398,2424708729726767749,2424708729726769147,recovered,3,,,1620495899040090080,3.0150087603755695,1.1036027357721314,1,1
59,700,1400,3431657795858378003,3431657795858379403,recovered,7,,,2627444965171700334,4.26710152451591,1.4509347968724073,1,1
59,701,1402,10103695526434940251,10103695526434941653,recovered,28,,,9299482695748262582,12.563459747101888,2.5307925806803877,3,3
59,702,1404,7529566736915883083,7529566736915884487,recovered,24,,,6725353906229205414,9.362654324336951,2.2367288319477527,3,3
59,703,1406,8987860411525737317,8987860411525738723,recovered,26,,,8183647580839059648,11.175972414978068,2.4137661537141475,3,3
59,704,1408,4834864424015986771,4834864424015988179,recovered,15,,,4030651593329309102,6.011921520684686,1.7937444180271978,1,1
59,705,1410,2635281932481539903,2635281932481541313,recovered,4,,,1831069101794862234,3.27684641667729,1.1868815015684258,1,1
59,706,1412,13533471241504919417,13533471241504920829,recovered,31,,,12729258410818241748,16.828220994620736,2.8230572981961637,3,3
59,707,1414,15170997176864748337,15170997176864749751,recovered,32,,,14366784346178070668,18.864405786601267,2.9372768547278425,3,3
59,708,1416,3750992529339978877,3750992529339980293,recovered,11,,,2946779698653301208,4.664178916590017,1.539911809502389,1,1
59,709,1418,3725235533504101511,3725235533504102929,recovered,10,,,2921022702817423842,4.6321513302931345,1.533021410352983,1,1
59,710,1420,9984196949838014041,9984196949838015461,recovered,27,,,9179984119151336372,12.414869010872408,2.518894868028304,3,3
59,711,1422,6124339150787745169,6124339150787746591,recovered,19,,,5320126320101067500,7.615321364070347,2.0301621869104243,2,2
59,712,1424,13512363187520983367,13512363187520984791,recovered,30,,,12708150356834305698,16.80197414406264,2.8214963880807784,3,3
59,713,1426,6508776242818491391,6508776242818492817,recovered,20,,,5704563412131813722,8.093350409817472,2.0910427874654602,2,2
59,714,1428,7161997391085310681,7161997391085312109,recovered,22,,,6357784560398633012,8.905599510231681,2.186680237353889,3,3
59,715,1430,4606937813294064947,4606937813294066377,recovered,14,,,3802724982607387278,5.728505735677492,1.7454547176039867,1,1
59,716,1432,21158852496973148341,21158852496973149773,recovered,35,,,20354639666286470672,26.310016067396795,3.2699497057474463,9,8
59,717,1434,5013757591652095753,5013757591652097187,recovered,16,,,4209544760965418084,6.234366576035718,1.830076982316963,1,1
59,718,1436,17494076304651094403,17494076304651095839,recovered,33,,,16689863473964416734,21.753043021850033,3.079753656798911,4,4
59,719,1438,17554325571496337149,17554325571496338587,recovered,34,,,16750112740809659480,21.82796008925593,3.0831917209026662,4,4
59,720,1440,4253027105513399527,4253027105513400967,recovered,13,,,3448814274826721858,5.288434781476876,1.6655223195697901,1,1
60,722,1444,30789586795090405813,30789586795090407257,recovered,16,,,29364413970652706402,21.60410742271795,3.0728834550714557,8,7
60,723,1446,9656919634106230133,9656919634106231579,recovered,8,,,8231746809668530722,6.775963917159562,1.9133816322410593,2,2
60,724,1448,5295442011781310951,5295442011781312399,recovered,2,,,3870269187343611540,3.7156490223356755,1.3125533660968134,0,0
60,725,1450,9808299410025809701,9808299410025811151,recovered,9,,,8383126585588110290,6.882182456640418,1.9289358191773522,2,2
60,726,1452,5642831456340753611,5642831456340755063,recovered,3,,,4217658631903054200,3.959401526314626,1.3760928841266138,0,0
60,727,1454,3219107182492871783,3219107182492873237,recovered,1,,,1793934358055172372,2.258748642476373,0.8148109619175343,0,0
60,728,1456,6446080171984989091,6446080171984990547,recovered,5,,,5020907347547289680,4.523016480143932,1.5091791341202712,1,1
60,729,1458,25918959602849443979,25918959602849445437,recovered,14,,,24493786778411744568,18.186537912042873,2.9006816452256254,8,7
60,730,1460,16952841674089990313,16952841674089991773,recovered,12,,,15527668849652290902,11.895288335138384,2.476142383489584,3,3
60,731,1462,7787601252820494607,7787601252820496069,recovered,7,,,6362428428382795196,5.4643206208293265,1.6982397993224558,2,2
60,732,1464,11243131368574587263,11243131368574588727,recovered,10,,,9817958544136887852,7.888959974388056,2.0654643105024215,2,2
60,733,1466,7547190328070365163,7547190328070366629,recovered,6,,,6122017503632665752,5.295631658601196,1.666882265347579,2,2
60,734,1468,5662789033400271433,5662789033400272901,recovered,4,,,4237616208962572022,3.9734051451861774,1.379623446258668,0,0
60,735,1470,13193289465222402713,13193289465222404183,recovered,11,,,11768116640784703302,9.257326016181795,2.225415239805832,2,2
60,736,1472,22013283497120426897,22013283497120428369,recovered,13,,,20588110672682727486,15.446044942518284,2.7373529797970075,8,7
60,737,1474,29346433417969113907,29346433417969115381,recovered,15,,,27921260593531414496,20.591491021131223,3.024877933237261,8,7
61,739,1478,35647727125066940159,35647727125066941637,recovered,4,,,29914485531825743428,6.217726315090459,1.8274042957258463,7,6
61,740,1480,19732977184977996157,19732977184977997637,recovered,3,,,13999735591736799426,3.441853419929278,1.2360101111560182,6,5
61,741,1482,12685915882452557351,12685915882452558833,recovered,2,,,6952674289211360620,2.2126951526703023,0.7942112986068977,1,1
61,742,1484,38697459212081318063,38697459212081319547,recovered,5,,,32964217618840121332,6.749664841910897,1.9094928506014475,7,6
61,743,1486,11596084211508428503,11596084211508429989,recovered,1,,,5862842618267231772,2.0226051916561163,0.7043863793055974,1,1
62,745,1490,7562321651334729221,7562321651334730711,recovered,1,,,774332651676951424,1.1140739402665487,0.10802351297081393,0,0
62,746,1492,50485724924487596521,50485724924487598013,recovered,9,,,43697735924829818724,7.4375083588133215,2.0065358947451766,6,5
62,747,1494,11312044110819306577,11312044110819308071,recovered,3,,,4524055111161528780,1.6664794405809458,0.5107132818044363,0,0
62,748,1496,20785212509346622823,20785212509346624319,recovered,5,,,13997223509688845026,3.062057482767654,1.1190870700075692,6,5
62,749,1498,40582918349766808153,40582918349766809651,recovered,7,,,33794929350109030356,5.978636434415676,1.7881925209610763,6,5
62,750,1500,27920969531073465367,27920969531073466867,recovered,6,,,21132980531415687570,4.113290332745254,1.414223275802768,6,5
62,751,1502,9586724781371233277,9586724781371234779,recovered,2,,,2798735781713455480,1.4123070591090463,0.3452245793874393,0,0
62,752,1504,69535394277900632857,69535394277900634361,recovered,10,,,62747405278242855060,10.243887295840686,2.3266811663088425,7,6
62,753,1506,14950212737555571061,14950212737555572567,recovered,4,,,8162223737897793264,2.2024509377238677,0.789570802858804,0,0
62,754,1508,40934204206305917081,40934204206305918589,recovered,8,,,34146215206648139284,6.030387528378383,1.796811275403493,6,5
63,756,1512,42810836022476642501,42810836022476644013,recovered,4,,,27240207266940546258,2.749460968765013,1.011404881107566,5,4
63,757,1514,57730507662151577789,57730507662151579303,recovered,7,,,42159878906615481546,3.707654235968194,1.3103993952349648,5,4
63,758,1516,40782212706800204197,40782212706800205713,recovered,3,,,25211583951264107954,2.619175715193916,0.9628596557506973,5,4
63,759,1518,43323303249094027633,43323303249094029151,recovered,5,,,27752674493557931390,2.7823733986137547,1.0233043039819527,5,4
63,760,1520,25942632032312850467,25942632032312851987,recovered,2,,,10372003276776754224,1.6661261686744036,0.5105012723744069,5,4
63,761,1522,49249077349705946737,49249077349705948259,recovered,6,,,33678448594169850494,3.162947246571245,1.1515042658952228,5,4
63,762,1524,21882998292322057523,21882998292322059047,recovered,1,,,6312369536785961280,1.4054023531028967,0.3403236341042133,5,4
64,764,1528,22062598099396684309,22062598099396685837,recovered,1,,,4383943941828495252,1.2479795069666964,0.22152584911265222,4,3
65,766,1532,76193727766736160377,76193727766736161909,recovered,8,,,57832352431949113680,4.149674323272573,1.4230298548433176,4,3
65,767,1534,44265977048051533909,44265977048051535443,recovered,6,,,25904601713264487212,2.4108203356742135,0.8799670778301889,3,2
65,768,1536,21718434298310889571,21718434298310891107,recovered,2,,,3357058963523842874,1.1828326529093731,0.1679121150653988,3,2
65,769,1538,53679949404940376909,53679949404940378447,recovered,7,,,35318574070153330212,2.9235255217096707,1.072790258443156,3,2
65,770,1540,20313851197465407889,20313851197465409429,recovered,1,,,1952475862678361192,1.1063360356769814,0.10105368667926173,2,1
65,771,1542,39170851540269520469,39170851540269522011,recovered,5,,,20809476205482473772,2.1333288398095815,0.7576835953560395,3,2
65,772,1544,35348265334222588547,35348265334222590091,recovered,4,,,16986889999435541850,1.9251425718231774,0.6550000282819654,3,2
65,773,1546,78580641983130323161,78580641983130324707,recovered,9,,,60219266648343276464,4.279670806263255,1.4538760922111662,4,3
65,774,1548,28920302981739289993,28920302981739291541,recovered,3,,,10558927646952243296,1.575061914177395,0.4542945820937776,3,2
66,777,1554,36399266433517413007,36399266433517414561,recovered,3,,,17827593001465582908,1.9599346589143616,0.6729111353981351,1,1
66,778,1556,22101831096842056961,22101831096842058517,recovered,1,,,3530157664790226862,1.1900829065138374,0.17402297403600148,1,1
66,779,1558,63967562403170455453,63967562403170457011,recovered,8,,,45395888971118625354,3.444361793093581,1.2367386313075523,1,1
66,780,1560,54145919241596772721,54145919241596774281,recovered,7,,,35574245809544942622,2.915511057186118,1.0700451242251432,1,1
66,781,1562,51330518963552306591,51330518963552308153,recovered,6,,,32758845531500476492,2.7639145794456943,1.0166480007410672,1,1
66,782,1564,50141184398287532959,50141184398287534523,recovered,5,,,31569510966235702860,2.6998743318279343,0.993205228159657,1,1
66,783,1566,47526443055735575447,47526443055735577013,recovered,4,,,28954769623683745348,2.559082423542528,0.9396487659369932,1,1
66,784,1568,33020270934358330391,33020270934358331959,recovered,2,,,14448597502306500292,1.777991146310513,0.5754841575014255,1,1
66,785,1570,92489057256472962493,92489057256472964063,recovered,9,,,73917383824421132394,4.98011434429227,1.6054528514742277,2,2
67,787,1574,,,right_censored,,,,,,,,
67,788,1576,32247467223859494133,32247467223859495709,recovered,4,,,11513720713298051270,1.5553130837899047,0.4416768654228248,0,0
67,789,1578,29348877491890838093,29348877491890839671,recovered,2,,,8615130981329395230,1.4155125064802438,0.34749166091068223,0,0
67,790,1580,,,right_censored,,,,,,,,
67,791,1582,80809905603814800979,80809905603814802561,recovered,16,,,60076159093253358116,3.8975062014311552,1.3603369130790368,1,1
67,792,1584,48724019207226104659,48724019207226106243,recovered,8,,,27990272696664661796,2.3499862498273942,0.8544094770016706,0,0
67,793,1586,,,right_censored,,,,,,,,
67,794,1588,,,right_censored,,,,,,,,
67,795,1590,,,right_censored,,,,,,,,
67,796,1592,33382241186990935697,33382241186990937289,recovered,5,,,12648494676429492834,1.6100438562797394,0.4762614185506756,0,0
67,797,1594,,,right_censored,,,,,,,,
67,798,1596,67456399854733504543,67456399854733506139,recovered,13,,,46722653344172061680,3.253459273285331,1.1797188220584571,0,0
67,799,1598,,,right_censored,,,,,,,,
67,800,1600,48186815362225632199,48186815362225633799,recovered,7,,,27453068851664189336,2.3240766128629975,0.8433228043942333,0,0
67,801,1602,66484040733800317319,66484040733800318921,recovered,12,,,45750294223238874456,3.2065618579803896,1.1651992908538513,0,0
67,802,1604,89014879348939897973,89014879348939899577,recovered,20,,,68281132838378455110,4.293236598778572,1.4570409004138687,1,1
67,803,1606,,,right_censored,,,,,,,,
67,804,1608,64481144637808949663,64481144637808951271,recovered,11,,,43747398127247506800,3.1099610774619664,1.1346102108272846,0,0
67,805,1610,,,right_censored,,,,,,,,
67,806,1612,,,right_censored,,,,,,,,
67,807,1614,,,right_censored,,,,,,,,
67,808,1616,,,right_censored,,,,,,,,
67,809,1618,89742231714187220659,89742231714187222277,recovered,21,,,69008485203625777796,4.328317203476658,1.4651788298651474,1,1
67,810,1620,,,right_censored,,,,,,,,
67,811,1622,63583625827845372407,63583625827845374029,recovered,9,,,42849879317283929544,3.0666732515253274,1.1205933426210994,0,0
67,812,1624,,,right_censored,,,,,,,,
67,813,1626,,,right_censored,,,,,,,,
67,814,1628,25085991681265391141,25085991681265392769,recovered,1,,,4352245170703948278,1.2099111787870553,0.19054695095318902,0,0
67,815,1630,87953146031629255873,87953146031629257503,recovered,19,,,67219399521067813010,4.242028616816904,1.4450416021868986,1,1
67,816,1632,91685077671104045501,91685077671104047133,recovered,22,,,70951331160542602638,4.422021732753466,1.4865969971118853,1,1
67,817,1634,,,right_censored,,,,,,,,
67,818,1636,29483982912740752141,29483982912740753777,recovered,3,,,8750236402179309278,1.4220287152503808,0.3520845247428305,0,0
67,819,1638,83474304526674151439,83474304526674153077,recovered,17,,,62740558016112708576,4.026011627187284,1.39277621523809,1,1
67,820,1640,,,right_censored,,,,,,,,
67,821,1642,,,right_censored,,,,,,,,
67,822,1644,44865133014508670623,44865133014508672267,recovered,6,,,24131386503947227760,2.163870045949249,0.771898306477325,0,0
67,823,1646,63925810393802307947,63925810393802309593,recovered,10,,,43192063883240865084,3.0831770013798283,1.1259605593156305,0,0
67,824,1648,,,right_censored,,,,,,,,
67,825,1650,,,right_censored,,,,,,,,
67,826,1652,,,right_censored,,,,,,,,
67,827,1654,,,right_censored,,,,,,,,
67,828,1656,83803324302224436881,83803324302224438537,recovered,18,,,63069577791662994018,4.041880431958418,1.3967100371382546,1,1
67,829,1658,,,right_censored,,,,,,,,
67,830,1660,,,right_censored,,,,,,,,
67,831,1662,80616653604650049661,80616653604650051323,recovered,15,,,59882907094088606798,3.8881855512020076,1.3579426095340257,1,1
67,832,1664,,,right_censored,,,,,,,,
67,833,1666,,,right_censored,,,,,,,,
67,834,1668,74914839785186939429,74914839785186941097,recovered,14,,,54181093274625496566,3.6131839340770613,1.284589359830954,1,1
67,835,1670,,,right_censored,,,,,,,,
67,836,1672,,,right_censored,,,,,,,,
67,837,1674,,,right_censored,,,,,,,,
68,839,1678,,,right_censored,,,,,,,,
68,840,1680,,,right_censored,,,,,,,,
68,841,1682,,,right_censored,,,,,,,,
68,842,1684,,,right_censored,,,,,,,,
68,843,1686,,,right_censored,,,,,,,,
68,844,1688,,,right_censored,,,,,,,,
68,845,1690,,,right_censored,,,,,,,,
68,846,1692,,,right_censored,,,,,,,,
68,847,1694,,,right_censored,,,,,,,,
68,848,1696,,,right_censored,,,,,,,,
68,849,1698,,,right_censored,,,,,,,,
68,850,1700,92503546417588590527,92503546417588592227,recovered,1,,,24434736134354407620,1.358971106336096,0.30672787396881385,0,0
68,851,1702,,,right_censored,,,,,,,,
68,852,1704,,,right_censored,,,,,,,,
68,853,1706,,,right_censored,,,,,,,,
68,854,1708,,,right_censored,,,,,,,,
68,855,1710,,,right_censored,,,,,,,,
68,856,1712,,,right_censored,,,,,,,,
68,857,1714,,,right_censored,,,,,,,,
68,858,1716,,,right_censored,,,,,,,,
68,859,1718,,,right_censored,,,,,,,,
68,860,1720,,,right_censored,,,,,,,,
68,861,1722,,,right_censored,,,,,,,,
69,863,1726,,,outside_detection_boundary,,,,,,,,
69,864,1728,,,outside_detection_boundary,,,,,,,,
69,865,1730,,,outside_detection_boundary,,,,,,,,
69,866,1732,,,outside_detection_boundary,,,,,,,,
69,867,1734,,,outside_detection_boundary,,,,,,,,
69,868,1736,,,outside_detection_boundary,,,,,,,,
69,869,1738,,,outside_detection_boundary,,,,,,,,
69,870,1740,,,outside_detection_boundary,,,,,,,,
69,871,1742,,,outside_detection_boundary,,,,,,,,
69,872,1744,,,outside_detection_boundary,,,,,,,,
69,873,1746,,,outside_detection_boundary,,,,,,,,
69,874,1748,,,outside_detection_boundary,,,,,,,,
69,875,1750,,,outside_detection_boundary,,,,,,,,
69,876,1752,,,outside_detection_boundary,,,,,,,,
69,877,1754,,,outside_detection_boundary,,,,,,,,
69,878,1756,,,outside_detection_boundary,,,,,,,,
69,879,1758,,,outside_detection_boundary,,,,,,,,
69,880,1760,,,outside_detection_boundary,,,,,,,,
69,881,1762,,,outside_detection_boundary,,,,,,,,
69,882,1764,,,outside_detection_boundary,,,,,,,,
69,883,1766,,,outside_detection_boundary,,,,,,,,
69,884,1768,,,outside_detection_boundary,,,,,,,,
69,885,1770,,,outside_detection_boundary,,,,,,,,
69,886,1772,,,outside_detection_boundary,,,,,,,,
69,887,1774,,,outside_detection_boundary,,,,,,,,
69,888,1776,,,outside_detection_boundary,,,,,,,,
69,889,1778,,,outside_detection_boundary,,,,,,,,
69,890,1780,,,outside_detection_boundary,,,,,,,,
69,891,1782,,,outside_detection_boundary,,,,,,,,
69,892,1784,,,outside_detection_boundary,,,,,,,,
69,893,1786,,,outside_detection_boundary,,,,,,,,
69,894,1788,,,outside_detection_boundary,,,,,,,,
69,895,1790,,,outside_detection_boundary,,,,,,,,
69,896,1792,,,outside_detection_boundary,,,,,,,,
69,897,1794,,,outside_detection_boundary,,,,,,,,
69,898,1796,,,outside_detection_boundary,,,,,,,,
69,899,1798,,,outside_detection_boundary,,,,,,,,
69,900,1800,,,outside_detection_boundary,,,,,,,,
69,901,1802,,,outside_detection_boundary,,,,,,,,
69,902,1804,,,outside_detection_boundary,,,,,,,,
69,903,1806,,,outside_detection_boundary,,,,,,,,
69,904,1808,,,outside_detection_boundary,,,,,,,,
69,905,1810,,,outside_detection_boundary,,,,,,,,
69,906,1812,,,outside_detection_boundary,,,,,,,,
69,907,1814,,,outside_detection_boundary,,,,,,,,
69,908,1816,,,outside_detection_boundary,,,,,,,,
69,909,1818,,,outside_detection_boundary,,,,,,,,
69,910,1820,,,outside_detection_boundary,,,,,,,,
69,911,1822,,,outside_detection_boundary,,,,,,,,
69,912,1824,,,outside_detection_boundary,,,,,,,,
69,913,1826,,,outside_detection_boundary,,,,,,,,
69,914,1828,,,outside_detection_boundary,,,,,,,,
69,915,1830,,,outside_detection_boundary,,,,,,,,
69,916,1832,,,outside_detection_boundary,,,,,,,,
69,917,1834,,,outside_detection_boundary,,,,,,,,
69,918,1836,,,outside_detection_boundary,,,,,,,,
69,919,1838,,,outside_detection_boundary,,,,,,,,
69,920,1840,,,outside_detection_boundary,,,,,,,,
69,921,1842,,,outside_detection_boundary,,,,,,,,
69,922,1844,,,outside_detection_boundary,,,,,,,,
69,923,1846,,,outside_detection_boundary,,,,,,,,
69,924,1848,,,outside_detection_boundary,,,,,,,,
69,925,1850,,,outside_detection_boundary,,,,,,,,
69,926,1852,,,outside_detection_boundary,,,,,,,,
