sheet,cell,value,type
Sheet 1 - REGION 1 VIOLATION #1,A1,REGION 1 VIOLATION #1 (113),s
Sheet 1 - REGION 1 VIOLATION #1,B2,2,n
Sheet 1 - REGION 1 VIOLATION #1,C2,3,n
Sheet 1 - REGION 1 VIOLATION #1,E2,5,n
Sheet 1 - REGION 1 VIOLATION #1,G2,7,n
Sheet 1 - REGION 1 VIOLATION #1,K2,11,n
Sheet 1 - REGION 1 VIOLATION #1,M2,13,n
Sheet 1 - REGION 1 VIOLATION #1,Q2,17,n
Sheet 1 - REGION 1 VIOLATION #1,S2,19,n
Sheet 1 - REGION 1 VIOLATION #1,W2,23,n
Sheet 1 - REGION 1 VIOLATION #1,AC2,29,n
Sheet 1 - REGION 1 VIOLATION #1,AE2,31,n
Sheet 1 - REGION 1 VIOLATION #1,AK2,37,n
Sheet 1 - REGION 1 VIOLATION #1,AO2,41,n
Sheet 1 - REGION 1 VIOLATION #1,AQ2,43,n
Sheet 1 - REGION 1 VIOLATION #1,AU2,47,n
Sheet 1 - REGION 1 VIOLATION #1,BA2,53,n
Sheet 1 - REGION 1 VIOLATION #1,BG2,59,n
Sheet 1 - REGION 1 VIOLATION #1,BI2,61,n
Sheet 1 - REGION 1 VIOLATION #1,BO2,67,n
Sheet 1 - REGION 1 VIOLATION #1,BS2,71,n
Sheet 1 - REGION 1 VIOLATION #1,BU2,73,n
Sheet 1 - REGION 1 VIOLATION #1,CA2,79,n
Sheet 1 - REGION 1 VIOLATION #1,CE2,83,n
Sheet 1 - REGION 1 VIOLATION #1,CK2,89,n
Sheet 1 - REGION 1 VIOLATION #1,CS2,97,n
Sheet 1 - REGION 1 VIOLATION #1,CW2,101,n
Sheet 1 - REGION 1 VIOLATION #1,CY2,103,n
Sheet 1 - REGION 1 VIOLATION #1,DC2,107,n
Sheet 1 - REGION 1 VIOLATION #1,DE2,109,n
Sheet 1 - REGION 1 VIOLATION #1,DI2,113,n
Sheet 1 - REGION 1 VIOLATION #1,DW2,127,n
Sheet 1 - REGION 1 VIOLATION #1,A8,Z,s
Sheet 1 - REGION 1 VIOLATION #1,A9,Y,s
Sheet 1 - REGION 1 VIOLATION #1,A10,X,s
Sheet 1 - REGION 1 VIOLATION #1,A11,W,s
Sheet 1 - REGION 1 VIOLATION #1,A12,V,s
Sheet 1 - REGION 1 VIOLATION #1,A13,U,s
Sheet 1 - REGION 1 VIOLATION #1,A14,T,s
Sheet 1 - REGION 1 VIOLATION #1,A15,S,s
Sheet 1 - REGION 1 VIOLATION #1,A16,R,s
Sheet 1 - REGION 1 VIOLATION #1,DR16,R,s
Sheet 1 - REGION 1 VIOLATION #1,A17,Q,s
Sheet 1 - REGION 1 VIOLATION #1,DN17,Q,s
Sheet 1 - REGION 1 VIOLATION #1,A18,P,s
Sheet 1 - REGION 1 VIOLATION #1,DB18,P,s
Sheet 1 - REGION 1 VIOLATION #1,A19,O,s
Sheet 1 - REGION 1 VIOLATION #1,CP19,O,s
Sheet 1 - REGION 1 VIOLATION #1,A20,N,s
Sheet 1 - REGION 1 VIOLATION #1,CH20,N,s
Sheet 1 - REGION 1 VIOLATION #1,A21,M,s
Sheet 1 - REGION 1 VIOLATION #1,CD21,M,s
Sheet 1 - REGION 1 VIOLATION #1,DS21,M,s
Sheet 1 - REGION 1 VIOLATION #1,A22,L,s
Sheet 1 - REGION 1 VIOLATION #1,BV22,L,s
Sheet 1 - REGION 1 VIOLATION #1,DG22,L,s
Sheet 1 - REGION 1 VIOLATION #1,A23,K,s
Sheet 1 - REGION 1 VIOLATION #1,BJ23,K,s
Sheet 1 - REGION 1 VIOLATION #1,CO23,K,s
Sheet 1 - REGION 1 VIOLATION #1,A24,J,s
Sheet 1 - REGION 1 VIOLATION #1,BF24,J,s
Sheet 1 - REGION 1 VIOLATION #1,CI24,J,s
Sheet 1 - REGION 1 VIOLATION #1,DL24,J,s
Sheet 1 - REGION 1 VIOLATION #1,A25,I,s
Sheet 1 - REGION 1 VIOLATION #1,AT25,I,s
Sheet 1 - REGION 1 VIOLATION #1,CN25,I,s
Sheet 1 - REGION 1 VIOLATION #1,DK25,I,s
Sheet 1 - REGION 1 VIOLATION #1,A26,H,s
Sheet 1 - REGION 1 VIOLATION #1,AL26,H,s
Sheet 1 - REGION 1 VIOLATION #1,BE26,H,s
Sheet 1 - REGION 1 VIOLATION #1,BQ26,I,s
Sheet 1 - REGION 1 VIOLATION #1,A27,G,s
Sheet 1 - REGION 1 VIOLATION #1,AH27,G,s
Sheet 1 - REGION 1 VIOLATION #1,AY27,G,s
Sheet 1 - REGION 1 VIOLATION #1,BP27,G,s
Sheet 1 - REGION 1 VIOLATION #1,CG27,G,s
Sheet 1 - REGION 1 VIOLATION #1,CX27,G,s
Sheet 1 - REGION 1 VIOLATION #1,DO27,G,s
Sheet 1 - REGION 1 VIOLATION #1,A28,F,s
Sheet 1 - REGION 1 VIOLATION #1,Z28,F,s
Sheet 1 - REGION 1 VIOLATION #1,AM28,F,s
Sheet 1 - REGION 1 VIOLATION #1,AZ28,F,s
Sheet 1 - REGION 1 VIOLATION #1,BM28,F,s
Sheet 1 - REGION 1 VIOLATION #1,BZ28,F,s
Sheet 1 - REGION 1 VIOLATION #1,CM28,F,s
Sheet 1 - REGION 1 VIOLATION #1,CZ28,F,s
Sheet 1 - REGION 1 VIOLATION #1,DM28,F,s
Sheet 1 - REGION 1 VIOLATION #1,A29,E,s
Sheet 1 - REGION 1 VIOLATION #1,V29,E,s
Sheet 1 - REGION 1 VIOLATION #1,AG29,E,s
Sheet 1 - REGION 1 VIOLATION #1,AR29,E,s
Sheet 1 - REGION 1 VIOLATION #1,BC29,E,s
Sheet 1 - REGION 1 VIOLATION #1,BN29,E,s
Sheet 1 - REGION 1 VIOLATION #1,BY29,E,s
Sheet 1 - REGION 1 VIOLATION #1,CJ29,E,s
Sheet 1 - REGION 1 VIOLATION #1,CU29,E,s
Sheet 1 - REGION 1 VIOLATION #1,DF29,E,s
Sheet 1 - REGION 1 VIOLATION #1,DQ29,E,s
Sheet 1 - REGION 1 VIOLATION #1,A30,D,s
Sheet 1 - REGION 1 VIOLATION #1,N30,D,s
Sheet 1 - REGION 1 VIOLATION #1,U30,D,s
Sheet 1 - REGION 1 VIOLATION #1,AB30,D,s
Sheet 1 - REGION 1 VIOLATION #1,AI30,D,s
Sheet 1 - REGION 1 VIOLATION #1,AP30,D,s
Sheet 1 - REGION 1 VIOLATION #1,AW30,D,s
Sheet 1 - REGION 1 VIOLATION #1,BD30,D,s
Sheet 1 - REGION 1 VIOLATION #1,BK30,D,s
Sheet 1 - REGION 1 VIOLATION #1,BR30,D,s
Sheet 1 - REGION 1 VIOLATION #1,BY30,D,s
Sheet 1 - REGION 1 VIOLATION #1,CF30,D,s
Sheet 1 - REGION 1 VIOLATION #1,CM30,D,s
Sheet 1 - REGION 1 VIOLATION #1,CT30,D,s
Sheet 1 - REGION 1 VIOLATION #1,DA30,D,s
Sheet 1 - REGION 1 VIOLATION #1,DH30,D,s
Sheet 1 - REGION 1 VIOLATION #1,DO30,D,s
Sheet 1 - REGION 1 VIOLATION #1,DV30,D,s
Sheet 1 - REGION 1 VIOLATION #1,A31,C,s
Sheet 1 - REGION 1 VIOLATION #1,J31,C,s
Sheet 1 - REGION 1 VIOLATION #1,P31,C,s
Sheet 1 - REGION 1 VIOLATION #1,T31,C,s
Sheet 1 - REGION 1 VIOLATION #1,Y31,C,s
Sheet 1 - REGION 1 VIOLATION #1,AD31,C,s
Sheet 1 - REGION 1 VIOLATION #1,AI31,C,s
Sheet 1 - REGION 1 VIOLATION #1,AN31,C,s
Sheet 1 - REGION 1 VIOLATION #1,AS31,C,s
Sheet 1 - REGION 1 VIOLATION #1,AX31,C,s
Sheet 1 - REGION 1 VIOLATION #1,BC31,C,s
Sheet 1 - REGION 1 VIOLATION #1,BH31,C,s
Sheet 1 - REGION 1 VIOLATION #1,BM31,C,s
Sheet 1 - REGION 1 VIOLATION #1,BR31,C,s
Sheet 1 - REGION 1 VIOLATION #1,BW31,C,s
Sheet 1 - REGION 1 VIOLATION #1,CB31,C,s
Sheet 1 - REGION 1 VIOLATION #1,CG31,C,s
Sheet 1 - REGION 1 VIOLATION #1,CL31,C,s
Sheet 1 - REGION 1 VIOLATION #1,CQ31,C,s
Sheet 1 - REGION 1 VIOLATION #1,CV31,C,s
Sheet 1 - REGION 1 VIOLATION #1,DA31,C,s
Sheet 1 - REGION 1 VIOLATION #1,DF31,C,s
Sheet 1 - REGION 1 VIOLATION #1,DK31,C,s
Sheet 1 - REGION 1 VIOLATION #1,DP31,C,s
Sheet 1 - REGION 1 VIOLATION #1,DU31,C,s
Sheet 1 - REGION 1 VIOLATION #1,A32,B,s
Sheet 1 - REGION 1 VIOLATION #1,F32,B,s
Sheet 1 - REGION 1 VIOLATION #1,I32,B,s
Sheet 1 - REGION 1 VIOLATION #1,L32,B,s
Sheet 1 - REGION 1 VIOLATION #1,O32,B,s
Sheet 1 - REGION 1 VIOLATION #1,R32,B,s
Sheet 1 - REGION 1 VIOLATION #1,U32,B,s
Sheet 1 - REGION 1 VIOLATION #1,X32,B,s
Sheet 1 - REGION 1 VIOLATION #1,AA32,B,s
Sheet 1 - REGION 1 VIOLATION #1,AD32,B,s
Sheet 1 - REGION 1 VIOLATION #1,AG32,B,s
Sheet 1 - REGION 1 VIOLATION #1,AJ32,B,s
Sheet 1 - REGION 1 VIOLATION #1,AM32,B,s
Sheet 1 - REGION 1 VIOLATION #1,AP32,B,s
Sheet 1 - REGION 1 VIOLATION #1,AS32,B,s
Sheet 1 - REGION 1 VIOLATION #1,AV32,B,s
Sheet 1 - REGION 1 VIOLATION #1,AY32,B,s
Sheet 1 - REGION 1 VIOLATION #1,BB32,B,s
Sheet 1 - REGION 1 VIOLATION #1,BE32,B,s
Sheet 1 - REGION 1 VIOLATION #1,BH32,B,s
Sheet 1 - REGION 1 VIOLATION #1,BK32,B,s
Sheet 1 - REGION 1 VIOLATION #1,BN32,B,s
Sheet 1 - REGION 1 VIOLATION #1,BQ32,B,s
Sheet 1 - REGION 1 VIOLATION #1,BT32,B,s
Sheet 1 - REGION 1 VIOLATION #1,BW32,B,s
Sheet 1 - REGION 1 VIOLATION #1,BZ32,B,s
Sheet 1 - REGION 1 VIOLATION #1,CC32,B,s
Sheet 1 - REGION 1 VIOLATION #1,CF32,B,s
Sheet 1 - REGION 1 VIOLATION #1,CI32,B,s
Sheet 1 - REGION 1 VIOLATION #1,CL32,B,s
Sheet 1 - REGION 1 VIOLATION #1,CO32,B,s
Sheet 1 - REGION 1 VIOLATION #1,CR32,B,s
Sheet 1 - REGION 1 VIOLATION #1,CU32,B,s
Sheet 1 - REGION 1 VIOLATION #1,CX32,B,s
Sheet 1 - REGION 1 VIOLATION #1,DA32,B,s
Sheet 1 - REGION 1 VIOLATION #1,DD32,B,s
Sheet 1 - REGION 1 VIOLATION #1,DG32,B,s
Sheet 1 - REGION 1 VIOLATION #1,DJ32,B,s
Sheet 1 - REGION 1 VIOLATION #1,DM32,B,s
Sheet 1 - REGION 1 VIOLATION #1,DP32,B,s
Sheet 1 - REGION 1 VIOLATION #1,DS32,B,s
Sheet 1 - REGION 1 VIOLATION #1,DV32,B,s
Sheet 1 - REGION 1 VIOLATION #1,A33,A,s
Sheet 1 - REGION 1 VIOLATION #1,D33,A,s
Sheet 1 - REGION 1 VIOLATION #1,F33,A,s
Sheet 1 - REGION 1 VIOLATION #1,H33,A,s
Sheet 1 - REGION 1 VIOLATION #1,J33,A,s
Sheet 1 - REGION 1 VIOLATION #1,L33,A,s
Sheet 1 - REGION 1 VIOLATION #1,N33,A,s
Sheet 1 - REGION 1 VIOLATION #1,P33,A,s
Sheet 1 - REGION 1 VIOLATION #1,R33,A,s
Sheet 1 - REGION 1 VIOLATION #1,T33,A,s
Sheet 1 - REGION 1 VIOLATION #1,V33,A,s
Sheet 1 - REGION 1 VIOLATION #1,X33,A,s
Sheet 1 - REGION 1 VIOLATION #1,Z33,A,s
Sheet 1 - REGION 1 VIOLATION #1,AB33,A,s
Sheet 1 - REGION 1 VIOLATION #1,AD33,A,s
Sheet 1 - REGION 1 VIOLATION #1,AF33,A,s
Sheet 1 - REGION 1 VIOLATION #1,AH33,A,s
Sheet 1 - REGION 1 VIOLATION #1,AJ33,A,s
Sheet 1 - REGION 1 VIOLATION #1,AL33,A,s
Sheet 1 - REGION 1 VIOLATION #1,AN33,A,s
Sheet 1 - REGION 1 VIOLATION #1,AP33,A,s
Sheet 1 - REGION 1 VIOLATION #1,AR33,A,s
Sheet 1 - REGION 1 VIOLATION #1,AT33,A,s
Sheet 1 - REGION 1 VIOLATION #1,AV33,A,s
Sheet 1 - REGION 1 VIOLATION #1,AX33,A,s
Sheet 1 - REGION 1 VIOLATION #1,AZ33,A,s
Sheet 1 - REGION 1 VIOLATION #1,BB33,A,s
Sheet 1 - REGION 1 VIOLATION #1,BD33,A,s
Sheet 1 - REGION 1 VIOLATION #1,BF33,A,s
Sheet 1 - REGION 1 VIOLATION #1,BH33,A,s
Sheet 1 - REGION 1 VIOLATION #1,BJ33,A,s
Sheet 1 - REGION 1 VIOLATION #1,BL33,A,s
Sheet 1 - REGION 1 VIOLATION #1,BN33,A,s
Sheet 1 - REGION 1 VIOLATION #1,BP33,A,s
Sheet 1 - REGION 1 VIOLATION #1,BR33,A,s
Sheet 1 - REGION 1 VIOLATION #1,BT33,A,s
Sheet 1 - REGION 1 VIOLATION #1,BV33,A,s
Sheet 1 - REGION 1 VIOLATION #1,BX33,A,s
Sheet 1 - REGION 1 VIOLATION #1,BZ33,A,s
Sheet 1 - REGION 1 VIOLATION #1,CB33,A,s
Sheet 1 - REGION 1 VIOLATION #1,CD33,A,s
Sheet 1 - REGION 1 VIOLATION #1,CF33,A,s
Sheet 1 - REGION 1 VIOLATION #1,CH33,A,s
Sheet 1 - REGION 1 VIOLATION #1,CJ33,A,s
Sheet 1 - REGION 1 VIOLATION #1,CL33,A,s
Sheet 1 - REGION 1 VIOLATION #1,CN33,A,s
Sheet 1 - REGION 1 VIOLATION #1,CP33,A,s
Sheet 1 - REGION 1 VIOLATION #1,CR33,A,s
Sheet 1 - REGION 1 VIOLATION #1,CT33,A,s
Sheet 1 - REGION 1 VIOLATION #1,CV33,A,s
Sheet 1 - REGION 1 VIOLATION #1,CX33,A,s
Sheet 1 - REGION 1 VIOLATION #1,CZ33,A,s
Sheet 1 - REGION 1 VIOLATION #1,DB33,A,s
Sheet 1 - REGION 1 VIOLATION #1,DD33,A,s
Sheet 1 - REGION 1 VIOLATION #1,DF33,A,s
Sheet 1 - REGION 1 VIOLATION #1,DH33,A,s
Sheet 1 - REGION 1 VIOLATION #1,DJ33,A,s
Sheet 1 - REGION 1 VIOLATION #1,DL33,A,s
Sheet 1 - REGION 1 VIOLATION #1,DN33,A,s
Sheet 1 - REGION 1 VIOLATION #1,DP33,A,s
Sheet 1 - REGION 1 VIOLATION #1,DR33,A,s
Sheet 1 - REGION 1 VIOLATION #1,DT33,A,s
Sheet 1 - REGION 1 VIOLATION #1,DV33,A,s
Sheet 1 - REGION 1 VIOLATION #1,A34,1,n
Sheet 1 - REGION 1 VIOLATION #1,B34,A,s
Sheet 1 - REGION 1 VIOLATION #1,C34,B,s
Sheet 1 - REGION 1 VIOLATION #1,D34,4,n
Sheet 1 - REGION 1 VIOLATION #1,E34,C,s
Sheet 1 - REGION 1 VIOLATION #1,F34,6,n
Sheet 1 - REGION 1 VIOLATION #1,G34,D,s
Sheet 1 - REGION 1 VIOLATION #1,H34,8,n
Sheet 1 - REGION 1 VIOLATION #1,I34,9,n
Sheet 1 - REGION 1 VIOLATION #1,J34,10,n
Sheet 1 - REGION 1 VIOLATION #1,K34,E,s
Sheet 1 - REGION 1 VIOLATION #1,L34,12,n
Sheet 1 - REGION 1 VIOLATION #1,M34,F,s
Sheet 1 - REGION 1 VIOLATION #1,N34,14,n
Sheet 1 - REGION 1 VIOLATION #1,O34,15,n
Sheet 1 - REGION 1 VIOLATION #1,P34,16,n
Sheet 1 - REGION 1 VIOLATION #1,Q34,G,s
Sheet 1 - REGION 1 VIOLATION #1,R34,18,n
Sheet 1 - REGION 1 VIOLATION #1,S34,H,s
Sheet 1 - REGION 1 VIOLATION #1,T34,20,n
Sheet 1 - REGION 1 VIOLATION #1,U34,21,n
Sheet 1 - REGION 1 VIOLATION #1,V34,22,n
Sheet 1 - REGION 1 VIOLATION #1,W34,I,s
Sheet 1 - REGION 1 VIOLATION #1,X34,24,n
Sheet 1 - REGION 1 VIOLATION #1,Y34,25,n
Sheet 1 - REGION 1 VIOLATION #1,Z34,26,n
Sheet 1 - REGION 1 VIOLATION #1,AA34,27,n
Sheet 1 - REGION 1 VIOLATION #1,AB34,28,n
Sheet 1 - REGION 1 VIOLATION #1,AC34,J,s
Sheet 1 - REGION 1 VIOLATION #1,AD34,30,n
Sheet 1 - REGION 1 VIOLATION #1,AE34,K,s
Sheet 1 - REGION 1 VIOLATION #1,AF34,32,n
Sheet 1 - REGION 1 VIOLATION #1,AG34,33,n
Sheet 1 - REGION 1 VIOLATION #1,AH34,34,n
Sheet 1 - REGION 1 VIOLATION #1,AI34,35,n
Sheet 1 - REGION 1 VIOLATION #1,AJ34,36,n
Sheet 1 - REGION 1 VIOLATION #1,AK34,L,s
Sheet 1 - REGION 1 VIOLATION #1,AL34,38,n
Sheet 1 - REGION 1 VIOLATION #1,AM34,39,n
Sheet 1 - REGION 1 VIOLATION #1,AN34,40,n
Sheet 1 - REGION 1 VIOLATION #1,AO34,M,s
Sheet 1 - REGION 1 VIOLATION #1,AP34,42,n
Sheet 1 - REGION 1 VIOLATION #1,AQ34,N,s
Sheet 1 - REGION 1 VIOLATION #1,AR34,44,n
Sheet 1 - REGION 1 VIOLATION #1,AS34,45,n
Sheet 1 - REGION 1 VIOLATION #1,AT34,46,n
Sheet 1 - REGION 1 VIOLATION #1,AU34,O,s
Sheet 1 - REGION 1 VIOLATION #1,AV34,48,n
Sheet 1 - REGION 1 VIOLATION #1,AW34,49,n
Sheet 1 - REGION 1 VIOLATION #1,AX34,50,n
Sheet 1 - REGION 1 VIOLATION #1,AY34,51,n
Sheet 1 - REGION 1 VIOLATION #1,AZ34,52,n
Sheet 1 - REGION 1 VIOLATION #1,BA34,P,s
Sheet 1 - REGION 1 VIOLATION #1,BB34,54,n
Sheet 1 - REGION 1 VIOLATION #1,BC34,55,n
Sheet 1 - REGION 1 VIOLATION #1,BD34,56,n
Sheet 1 - REGION 1 VIOLATION #1,BE34,57,n
Sheet 1 - REGION 1 VIOLATION #1,BF34,58,n
Sheet 1 - REGION 1 VIOLATION #1,BG34,Q,s
Sheet 1 - REGION 1 VIOLATION #1,BH34,60,n
Sheet 1 - REGION 1 VIOLATION #1,BI34,R,s
Sheet 1 - REGION 1 VIOLATION #1,BJ34,62,n
Sheet 1 - REGION 1 VIOLATION #1,BK34,63,n
Sheet 1 - REGION 1 VIOLATION #1,BL34,64,n
Sheet 1 - REGION 1 VIOLATION #1,BM34,65,n
Sheet 1 - REGION 1 VIOLATION #1,BN34,66,n
Sheet 1 - REGION 1 VIOLATION #1,BO34,S,s
Sheet 1 - REGION 1 VIOLATION #1,BP34,68,n
Sheet 1 - REGION 1 VIOLATION #1,BQ34,69,n
Sheet 1 - REGION 1 VIOLATION #1,BR34,70,n
Sheet 1 - REGION 1 VIOLATION #1,BS34,T,s
Sheet 1 - REGION 1 VIOLATION #1,BT34,72,n
Sheet 1 - REGION 1 VIOLATION #1,BU34,U,s
Sheet 1 - REGION 1 VIOLATION #1,BV34,74,n
Sheet 1 - REGION 1 VIOLATION #1,BW34,75,n
Sheet 1 - REGION 1 VIOLATION #1,BX34,76,n
Sheet 1 - REGION 1 VIOLATION #1,BY34,77,n
Sheet 1 - REGION 1 VIOLATION #1,BZ34,78,n
Sheet 1 - REGION 1 VIOLATION #1,CA34,V,s
Sheet 1 - REGION 1 VIOLATION #1,CB34,80,n
Sheet 1 - REGION 1 VIOLATION #1,CC34,81,n
Sheet 1 - REGION 1 VIOLATION #1,CD34,82,n
Sheet 1 - REGION 1 VIOLATION #1,CE34,W,s
Sheet 1 - REGION 1 VIOLATION #1,CF34,84,n
Sheet 1 - REGION 1 VIOLATION #1,CG34,85,n
Sheet 1 - REGION 1 VIOLATION #1,CH34,86,n
Sheet 1 - REGION 1 VIOLATION #1,CI34,87,n
Sheet 1 - REGION 1 VIOLATION #1,CJ34,88,n
Sheet 1 - REGION 1 VIOLATION #1,CK34,X,s
Sheet 1 - REGION 1 VIOLATION #1,CL34,90,n
Sheet 1 - REGION 1 VIOLATION #1,CM34,91,n
Sheet 1 - REGION 1 VIOLATION #1,CN34,92,n
Sheet 1 - REGION 1 VIOLATION #1,CO34,93,n
Sheet 1 - REGION 1 VIOLATION #1,CP34,94,n
Sheet 1 - REGION 1 VIOLATION #1,CQ34,95,n
Sheet 1 - REGION 1 VIOLATION #1,CR34,96,n
Sheet 1 - REGION 1 VIOLATION #1,CS34,Y,s
Sheet 1 - REGION 1 VIOLATION #1,CT34,98,n
Sheet 1 - REGION 1 VIOLATION #1,CU34,99,n
Sheet 1 - REGION 1 VIOLATION #1,CV34,100,n
Sheet 1 - REGION 1 VIOLATION #1,CW34,Z,s
Sheet 1 - REGION 1 VIOLATION #1,CX34,102,n
Sheet 1 - REGION 1 VIOLATION #1,CY34,AA,s
Sheet 1 - REGION 1 VIOLATION #1,CZ34,104,n
Sheet 1 - REGION 1 VIOLATION #1,DA34,105,n
Sheet 1 - REGION 1 VIOLATION #1,DB34,106,n
Sheet 1 - REGION 1 VIOLATION #1,DC34,AB,s
Sheet 1 - REGION 1 VIOLATION #1,DD34,108,n
Sheet 1 - REGION 1 VIOLATION #1,DE34,AC,s
Sheet 1 - REGION 1 VIOLATION #1,DF34,110,n
Sheet 1 - REGION 1 VIOLATION #1,DG34,111,n
Sheet 1 - REGION 1 VIOLATION #1,DH34,112,n
Sheet 1 - REGION 1 VIOLATION #1,DI34,AD,s
Sheet 1 - REGION 1 VIOLATION #1,DJ34,114,n
Sheet 1 - REGION 1 VIOLATION #1,DK34,115,n
Sheet 1 - REGION 1 VIOLATION #1,DL34,116,n
Sheet 1 - REGION 1 VIOLATION #1,DM34,117,n
Sheet 1 - REGION 1 VIOLATION #1,DN34,118,n
Sheet 1 - REGION 1 VIOLATION #1,DO34,119,n
Sheet 1 - REGION 1 VIOLATION #1,DP34,120,n
Sheet 1 - REGION 1 VIOLATION #1,DQ34,121,n
Sheet 1 - REGION 1 VIOLATION #1,DR34,122,n
Sheet 1 - REGION 1 VIOLATION #1,DS34,123,n
Sheet 1 - REGION 1 VIOLATION #1,DT34,124,n
Sheet 1 - REGION 1 VIOLATION #1,DU34,125,n
Sheet 1 - REGION 1 VIOLATION #1,DV34,126,n
Sheet 1 - REGION 1 VIOLATION #1,DW34,AE,s
Sheet 1 - REGION 1 VIOLATION #1,A35,A^n,s
Sheet 1 - REGION 1 VIOLATION #1,D35,A^2,s
Sheet 1 - REGION 1 VIOLATION #1,H35,A^3,s
Sheet 1 - REGION 1 VIOLATION #1,P35,A^4,s
Sheet 1 - REGION 1 VIOLATION #1,AF35,A^5,s
Sheet 1 - REGION 1 VIOLATION #1,BL35,A^6,s
Sheet 1 - REGION 1 VIOLATION #1,A36,B^n,s
Sheet 1 - REGION 1 VIOLATION #1,I36,B^2,s
Sheet 1 - REGION 1 VIOLATION #1,AA36,B^3,s
Sheet 1 - REGION 1 VIOLATION #1,CC36,B^4,s
Sheet 1 - REGION 1 VIOLATION #1,A37,C^n,s
Sheet 1 - REGION 1 VIOLATION #1,Y37,C^2,s
Sheet 1 - REGION 1 VIOLATION #1,DU37,C^3,s
Sheet 1 - REGION 1 VIOLATION #1,A38,D^n,s
Sheet 1 - REGION 1 VIOLATION #1,AW38,D^2,s
