gap,p,first_status,certificate
1,2,F,C
2,3,F,C
4,7,F,C
6,23,F,C
8,89,F,C
10,139,F,C
12,199,F,C
14,113,F,C
16,1831,F,C
18,523,F,C
20,887,F,C
22,1129,F,C
24,1669,F,C
26,2477,F,C
28,2971,F,C
30,4297,F,C
32,5591,F,C
34,1327,F,C
36,9551,F,C
38,30593,F,C
40,19333,F,C
42,16141,F,C
44,15683,F,C
46,81463,F,C
48,28229,F,C
50,31907,F,C
52,19609,F,C
54,35617,F,C
56,82073,F,C
58,44293,F,C
60,43331,F,C
62,34061,F,C
64,89689,F,C
66,162143,F,C
68,134513,F,C
70,173359,F,C
72,31397,F,C
74,404597,F,C
76,212701,F,C
78,188029,F,C
80,542603,F,C
82,265621,F,C
84,461717,F,C
86,155921,F,C
88,544279,F,C
90,404851,F,C
92,927869,F,C
94,1100977,F,C
96,360653,F,C
98,604073,F,C
100,396733,F,C
102,1444309,F,C
104,1388483,F,C
106,1098847,F,C
108,2238823,F,C
110,1468277,F,C
112,370261,F,C
114,492113,F,C
116,5845193,F,C
118,1349533,F,C
120,1895359,F,C
122,3117299,F,C
124,6752623,F,C
126,1671781,F,C
128,3851459,F,C
130,5518687,F,C
132,1357201,F,C
134,6958667,F,C
136,6371401,F,C
138,3826019,F,C
140,7621259,F,C
142,10343761,F,C
144,11981443,F,C
146,6034247,F,C
148,2010733,F,C
150,13626257,F,C
152,8421251,F,C
154,4652353,F,C
156,17983717,F,C
158,49269581,F,C
160,33803689,F,C
162,39175217,F,C
164,20285099,F,C
166,83751121,F,C
168,37305713,F,C
170,27915737,F,C
172,38394127,F,C
174,52721113,F,C
176,38089277,F,C
178,39389989,F,C
180,17051707,F,C
182,36271601,F,C
184,79167733,F,C
186,147684137,F,C
188,134065829,F,C
190,142414669,F,C
192,123454691,F,C
194,166726367,F,C
196,70396393,F,C
198,46006769,F,C
200,378043979,F,C
202,107534587,F,C
204,112098817,F,C
206,232423823,F,C
208,192983851,F,C
210,20831323,F,C
212,215949407,F,C
214,253878403,F,C
216,202551667,F,C
218,327966101,F,C
220,47326693,F,C
222,122164747,F,C
224,409866323,F,C
226,519653371,F,C
228,895858039,F,C
230,607010093,F,C
232,525436489,F,C
234,189695659,F,C
236,216668603,F,C
238,673919143,F,C
240,391995431,F,C
242,367876529,F,C
244,693103639,F,C
246,555142061,F,C
248,191912783,F,C
250,387096133,F,C
252,630045137,F,C
254,1202442089,F,C
256,1872851947,F,C
258,1316355323,F,C
260,944192807,F,C
262,1649328997,F,C
264,2357881993,F,C
266,1438779821,F,C
268,1579306789,F,C
270,1391048047,F,C
272,1851255191,F,C
274,1282463269,F,C
276,649580171,F,C
278,4260928601,F,C
280,1855047163,F,C
282,436273009,F,C
284,1667186459,F,C
286,2842739311,F,C
288,1294268491,F,C
290,1948819133,F,C
292,1453168141,F,C
294,5692630189,F,C
296,5260030511,F,C
298,8650524583,F,C
300,4758958741,F,C
302,6675573497,F,C
304,2433630109,F,C
306,3917587237,F,C
308,5490459101,F,C
310,4024713661,F,C
312,6570018347,F,C
314,8948418749,F,C
316,12109172293,F,C
318,4372999721,F,C
320,2300942549,F,C
322,7961074441,F,C
324,10958687879,F,C
326,5837935373,F,C
328,13086861181,F,C
330,6291356009,F,C
332,5893180121,F,C
334,30827138509,F,C
336,3842610773,F,C
338,22076314313,F,C
340,8605261447,F,C
342,12010745569,F,C
344,19724087267,F,C
346,11291401837,F,C
348,17002876643,F,C
350,16808773277,F,C
352,30750892801,F,C
354,4302407359,F,C
356,24355072517,F,C
358,16792321339,F,C
360,20068818197,F,C
362,35877724601,F,C
364,25425617317,F,C
366,20108776097,F,C
368,51430518413,F,C
370,59942358571,F,C
372,20404137779,F,C
374,23064761663,F,C
376,16161669787,F,C
378,38116957819,F,C
380,23323808741,F,C
382,10726904659,F,C
384,20678048297,F,C
386,35238645587,F,C
388,156798792223,F,C
390,53241805651,F,C
392,117215204531,F,C
394,22367084959,F,C
396,50806025873,F,C
398,40267027589,F,C
400,47203303159,F,C
402,44293346177,F,C
404,144999022043,F,C
406,49306638307,F,C
408,134664608389,F,C
410,98276144093,F,C
412,124221464119,F,C
414,49914935177,F,C
416,121972158437,F,C
418,129300694603,F,C
420,82490815123,F,C
422,280974865361,F,C
424,264495345259,F,C
426,180265084403,F,C
428,219950168411,F,C
430,250964194171,F,C
432,87241770619,F,C
434,127084569923,F,C
436,367459059871,F,C
438,101328529441,F,C
440,141846299801,F,C
442,417470554687,F,C
444,36172730063,F,C
446,190418076203,F,C
448,402872474743,F,C
450,63816175447,F,C
452,466855187471,F,C
454,202530831163,F,C
456,25056082087,F,C
458,304040251469,F,C
460,131956235563,F,C
462,400729567081,F,C
464,42652618343,F,C
466,565855695631,F,C
468,127976334671,F,C
470,681753256133,F,C
472,865244709607,F,C
474,182226896239,F,C
476,725978934347,F,C
478,367766547571,F,C
480,482423533897,F,C
482,1051602787181,F,C
484,767644374817,F,C
486,241160624143,F,C
488,1275363152099,F,C
490,297501075799,F,C
492,910361180689,F,C
494,804541404419,F,C
496,880318998907,F,C
498,428315806823,F,C
500,303371455241,F,C
502,1258535916601,F,C
504,747431049203,F,C
506,1339347750707,F,C
508,1841086484491,F,C
510,2209016910131,F,C
512,1999066711391,F,C
514,304599508537,F,C
516,416608695821,F,C
518,2296497058133,F,C
520,2336167262449,F,C
522,1214820695701,F,C
524,2256065636039,F,C
526,1620505682371,F,C
528,1529741785139,F,C
530,2205492372371,F,C
532,461690510011,F,C
534,614487453523,F,C
536,5371284217763,F,C
538,2122536905311,F,C
540,738832927927,F,C
542,2707053887651,F,C
544,2652427555639,F,C
546,2164206784721,F,C
548,3380058341279,F,C
550,2496646209271,F,C
552,2210401546601,F,C
554,3621153039299,F,C
556,4338624362173,F,C
558,5263973982823,F,C
560,4260199366373,F,C
562,2081209441279,F,C
564,1480064231153,F,C
566,4897642179197,F,C
568,6010330572331,F,C
570,4442109925217,F,C
572,5441175346967,F,C
574,3108794067079,F,C
576,8817792098461,F,C
578,7552870120721,F,C
580,9383081340541,F,C
582,1346294310749,F,C
584,6993007248239,F,C
586,6364466316577,F,C
588,1408695493609,F,C
590,20761252261751,F,C
592,3410069454097,F,C
594,5499789519863,F,C
596,10487995154603,F,C
598,5614481773561,F,C
600,4872634110067,F,C
602,1968188556461,F,C
604,5439564948583,F,C
606,12112937821403,F,C
608,20767330530329,F,C
610,9105981382177,F,C
612,13397310636587,F,C
614,17418754709747,F,C
616,8095224517651,F,C
618,4165633395149,F,C
620,9344093035661,F,C
622,13059969946711,F,C
624,24923033918059,F,C
626,33605480400197,F,C
628,34140047613391,F,C
630,12644461143649,F,C
632,45678685880759,F,C
634,17659394869309,F,C
636,9483480841753,F,C
638,17499522060011,F,C
640,22099408494481,F,C
642,14141685364577,F,C
644,41433781612373,F,C
646,51027160468351,F,C
648,9787731507761,F,C
650,5120731250207,F,C
652,2614941710599,F,C
654,54916086007427,F,C
656,65862966031241,F,C
658,39883132551139,F,C
660,10653514291843,F,C
662,11082394066097,F,C
664,38745678640849,F,C
666,18691113008663,F,C
668,28340177964929,F,C
670,47137733785861,F,C
672,26456514142099,F,C
674,7177162611713,F,C
676,78610833115261,F,C
678,37970994487033,F,C
680,82385435331119,F,C
682,41459443375351,F,C
684,30236507704253,F,C
686,74014757794301,F,C
688,110526670235599,F,C
690,15712145060693,F,C
692,43603583701331,F,C
694,62088893223739,F,C
696,23333096984797,F,C
698,33785727371453,F,C
700,14998144209049,F,C
702,19786638118631,F,C
704,97731545943599,F,C
706,35625755878981,F,C
708,143679495784681,F,C
710,138965383978937,F,C
712,106749746034601,F,C
714,49639993268989,F,C
716,13829048559701,F,C
718,82342388119111,F,C
720,111113196467011,F,C
722,218356872845927,F,C
724,59692452738913,F,C
726,156100489308167,F,C
728,57723522921803,F,C
730,24179270588173,F,C
732,140085225001801,F,C
734,154312610974979,F,C
736,161443383249583,F,C
738,143282994823909,F,C
740,57360609786539,F,C
742,189442329715069,F,C
744,42610475373269,F,C
746,184219698008123,F,C
748,172373989611793,F,C
750,145508250945419,F,C
752,255294593822687,F,C
754,219831875554399,F,C
756,70099348325843,F,C
758,47581758352253,F,C
760,98103148488133,F,C
762,144895907074481,F,C
764,323811481625339,F,C
766,19581334192423,F,C
768,423683030575549,F,C
770,214198375528463,F,C
772,186129514280467,F,C
774,469789142849483,F,C
776,187865909338091,F,C
778,42842283925351,F,C
780,471911699384963,F,C
782,726507223559111,F,C
784,497687231721157,F,C
786,554544106989673,F,C
788,96949415903999,F,C
790,678106044936511,F,C
792,244668132223727,F,C
794,673252372176533,F,C
796,1271309838631957,F,C
798,309715100117419,F,C
800,486258341004083,F,C
802,913982990753641,F,C
804,90874329411493,F,C
806,171231342420521,F,C
808,546609721879171,F,C
810,518557948410967,F,C
812,1710270958551941,F,C
814,827873854500949,F,C
816,632213931500513,F,C
818,860149012919321,F,C
820,497067290087413,F,C
822,799615339016671,F,C
824,1330854031506047,F,C
826,407835172832953,F,C
828,807201813046091,F,C
830,507747400047473,F,C
832,243212983783999,F,C
834,743844653663833,F,C
836,880772773476623,F,C
838,1384201395984013,F,C
840,670250273356109,F,C
842,1142191569235289,F,C
844,782685877447783,F,C
846,1045130023589621,F,C
848,2537070652896083,F,C
850,2441387599467679,F,C
852,1432204101894959,F,C
854,1361832741886937,F,C
856,1392892713537313,F,C
858,1464551007952943,F,C
860,844893392671019,F,C
862,425746080787897,F,C
864,2298355839009413,F,C
866,2759317684446707,F,C
868,1420178764273021,F,C
870,1598729274799313,F,C
872,455780714877767,F,C
874,1466977528790023,F,C
876,1125406185245561,F,C
878,2705074880971613,F,C
880,277900416100927,F,C
882,3371055452381147,F,C
884,1385684246418833,F,C
886,4127074165753081,F,C
888,2389167248757889,F,C
890,3346735005760637,F,C
892,2606748800671237,F,C
894,2508853349189969,F,C
896,3720181237979117,F,C
898,4198168149492463,F,C
900,2069461000669981,F,C
902,1555616198548067,F,C
904,3182353047511543,F,C
906,218209405436543,F,C
908,2126985673135679,F,C
910,1744027311944761,F,C
912,2819939997576017,F,C
914,3780822371661509,F,C
916,1189459969825483,F,C
918,2406868929767921,F,C
920,4020057623095403,F,C
922,4286129201882221,F,C
924,1686994940955803,F,C
926,6381944136489827,F,C
928,10244316228469423,F,C
930,3877048405466683,F,C
932,10676480515967939,F,C
934,8775815387922523,F,C
936,2053649128145117,F,C
938,3945256745730569,F,C
940,9438544090485889,F,C
942,10369943471405191,F,C
944,4698198022874969,F,C
946,8445899254653313,F,C
948,5806170698601659,F,C
950,5000793739812263,F,C
952,3441724070563411,F,C
954,8909512917643439,F,C
956,7664508840731297,F,C
958,6074186033971933,F,C
960,5146835719824811,F,C
962,9492966874626647,F,C
964,5241451254010087,F,C
966,5158509484643071,F,C
968,19124990244992669,F,C
970,10048813989052669,F,C
972,4452510040366189,F,C
974,10773850897499933,F,C
976,14954841632404033,F,C
978,12040807275386881,F,C
980,19403684901755939,F,C
982,18730085806290949,F,C
984,11666708491143997,F,C
986,34847474118974633,F,C
988,11678629605932719,F,C
990,2764496039544377,F,C
992,4941033906441539,F,C
994,3614455901007619,F,C
996,14693181579822451,F,C
998,11813551133888459,F,C
1000,22439962446379651,F,C
1002,14595374896200821,F,C
1004,7548471163197917,F,C
1006,37343192296558573,F,C
1008,5356763933625179,F,C
1010,21743496643443551,F,C
1012,22972837749135871,F,C
1014,13206732046682519,F,C
1016,25488154987300883,F,C
1018,37967240836435909,F,C
1020,24873160697653789,F,C
1022,10501301105720969,F,C
1024,22790428875364879,F,C
1026,14337646064564951,F,C
1028,16608210365179331,F,C
1030,21028354658071549,F,C
1032,19449190302424919,F,C
1034,11453766801670289,F,C
1036,36077433695182153,F,C
1038,28269785077311409,F,C
1040,46246848392875127,F,C
1042,33215047653774409,F,C
1044,7123663452896833,F,C
1046,25702173876611591,F,C
1048,88089672331629091,F,C
1050,13893290219203981,F,C
1052,89219242873419107,F,C
1054,26014156620917407,F,C
1056,11765987635602143,F,C
1058,28642379760272723,F,C
1060,15114558265244791,F,C
1062,15500910867678727,F,C
1064,43614652195746623,F,C
1066,98436147540371287,F,C
1068,23900175352205171,F,C
1070,83122134991935569,F,C
1072,40433690575714297,F,C
1074,33288359939765017,F,C
1076,20931714475256591,F,C
1078,72638824545480979,F,C
1080,50393998281635599,F,C
1082,65850655232778077,F,C
1084,41762363147589283,F,C
1086,91279735474288321,F,C
1088,86140861070845751,F,C
1090,68402499016330903,F,C
1092,78120687162386527,F,C
1094,139033656446725643,F,C
1096,85302586561540801,F,C
1098,25016149672697549,F,C
1100,21475286713974413,F,C
1102,39793570504639117,F,C
1104,100782668521266887,F,C
1106,29835422457878441,F,C
1108,43986327184963729,F,C
1110,98478363965750941,F,C
1112,114325788973753817,F,C
1114,198887512806988729,F,C
1116,183670944093871963,F,C
1118,78661510510855829,F,C
1120,19182559946240569,F,C
1122,31068473876462989,F,C
1124,203153416523088323,F,C
1126,102747074635818793,F,C
1128,57701567767397551,F,C
1130,128626712407417247,F,C
1132,1693182318746371,F,C
1134,59847994456941689,F,C
1136,180522639380365181,F,C
1138,157238558611311811,F,C
1140,79017505670475503,F,C
1142,94806694814591819,F,C
1144,236552906662007587,F,C
1146,60592199607166471,F,C
1148,120851132995428191,F,C
1150,293464161465135373,F,C
1152,125996288873077487,F,C
1154,172875009928864583,F,C
1156,78944802602538877,F,C
1158,74224828152967109,F,C
1160,58904398834827743,F,C
1162,154590409516822759,F,C
1164,216345819354183383,F,C
1166,61499427052410467,F,C
1168,213246910999548949,F,C
1170,125160515463958367,F,C
1172,400240934741322419,F,C
1174,67777708053772723,F,C
1176,200984626360730041,F,C
1178,371964537401929403,F,C
1180,181042197317796421,F,C
1182,172766268126495557,F,C
1184,43841547845541059,F,C
1186,404444692323376357,F,C
1188,349406882169475043,F,C
1190,83673835565278157,F,C
1192,703390724952490921,F,C
1194,272671045607764619,F,C
1196,204757944249503741,F,C
1198,55350776431903243,F,C
1200,399081457010391689,F,C
1202,819615344996114321,F,C
1204,443136926113560739,F,C
1206,475086744253214827,F,C
1208,1331711247969025019,F,C
1210,467250693994588501,F,C
1212,460909189461777919,F,C
1214,505283911484360249,F,C
1216,577900021137712561,F,C
1218,140935513411946599,F,C
1220,80873624627234849,F,C
1222,771097525313900857,F,C
1224,203986478517455989,F,C
1226,1169292497427924131,F,C
1228,843649638178223431,F,C
1230,892327717188081079,F,C
1232,637183034848138127,F,C
1234,423956456398811659,F,C
1236,999195046759853777,F,C
1238,991215618225244991,F,C
1240,1059422001388912327,F,C
1242,675147036415334159,F,C
1244,854284995847812563,F,C
1246,612702185805985321,F,C
1248,218034721194214273,F,C
1250,733214931813155339,F,C
1252,1032032088646806901,F,C
1254,416961298104009067,F,C
1256,571726134106027067,F,C
1258,335806927576651033,F,C
1260,542411771944351871,F,C
1262,1087112900219554391,F,C
1264,1798556720194308703,F,C
1266,727082020527468413,F,C
1268,977147715704817539,F,C
1270,882943713911424097,F,C
1272,305405826521087869,F,C
1274,1430953616048277509,F,C
1276,445249915053000907,F,C
1278,1011286887276072703,F,C
1280,1024528376045432807,F,C
1282,1421604699797863297,F,C
1284,697543681633814903,F,C
1286,1450329672253364801,F,C
1288,1134477539738474479,F,C
1290,2980707563031238363,F,C
1292,494653394305448051,F,C
1294,1868326184764055803,F,C
1296,1799235198379903447,F,C
1298,1739018026817067239,F,C
1300,1141041866384833123,F,C
1302,1731080876394228577,F,C
1304,1188134379382395323,F,C
1306,3278018069102480227,F,C
1308,749565457554371299,F,C
1310,1918586799657617591,F,C
1312,1396487719253403577,F,C
1314,1214119646547613277,F,C
1316,2187394669865744117,F,C
1318,2216270859803142601,F,C
1320,605046330029026447,F,C
1322,1106028436187467937,F,C
1324,2937020849713856977,F,C
1326,2075069444143279153,F,C
1328,352521223451364323,F,C
1330,2918478076849134103,F,C
1332,3103251464536797599,F,C
1334,2722012569747681653,F,C
1336,2221899288238768093,F,C
1338,2927648057268473633,F,C
1340,1954317467127310787,F,C
1342,1578169106141187727,F,C
1344,753917635380895597,F,C
1346,4646044042396639877,F,C
1348,3754930427730628273,F,C
1350,1180351752204137089,F,C
1352,4459397360427487997,F,C
1354,2805562883448462853,F,C
1356,401429925999153707,F,C
1358,523255220614645319,F,C
1360,1153277647303540597,F,C
1362,3937457950646269397,F,C
1364,1051140888051230423,F,C
1366,5662268059649697577,F,C
1368,4105079953458040849,F,C
1370,418032645936712127,F,C
1372,4219088970046367161,F,C
1374,2812814235281609869,F,C
1376,5468779003189090187,F,C
1378,5412399181863804469,F,C
1380,1031501833130243273,F,C
1382,11320694552053653731,F,C
1384,7421944961369698183,F,C
1386,3449340080274651527,F,C
1388,2975205524123301149,F,C
1390,3492657661005161107,F,C
1392,1480032037939634731,F,C
1394,6910128698372846693,F,C
1396,8382021357433147093,F,C
1398,2424708729726767749,F,C
1400,3431657795858378003,F,C
1402,10103695526434940251,F,C
1404,7529566736915883083,F,C
1406,8987860411525737317,F,C
1408,4834864424015986771,F,C
1410,2635281932481539903,F,C
1412,13533471241504919417,F,C
1414,15170997176864748337,F,C
1416,3750992529339978877,F,C
1418,3725235533504101511,F,C
1420,9984196949838014041,F,C
1422,6124339150787745169,F,C
1424,13512363187520983367,F,C
1426,6508776242818491391,F,C
1428,7161997391085310681,F,C
1430,4606937813294064947,F,C
1432,21158852496973148341,F,C
1434,5013757591652095753,F,C
1436,17494076304651094403,F,C
1438,17554325571496337149,F,C
1440,4253027105513399527,F,C
1442,804212830686677669,F,C
1444,30789586795090405813,F,C
1446,9656919634106230133,F,C
1448,5295442011781310951,F,C
1450,9808299410025809701,F,C
1452,5642831456340753611,F,C
1454,3219107182492871783,F,C
1456,6446080171984989091,F,C
1458,25918959602849443979,F,C
1460,16952841674089990313,F,C
1462,7787601252820494607,F,C
1464,11243131368574587263,F,C
1466,7547190328070365163,F,C
1468,5662789033400271433,F,C
1470,13193289465222402713,F,C
1472,22013283497120426897,F,C
1474,29346433417969113907,F,C
1476,1425172824437699411,F,C
1478,35647727125066940159,F,C
1480,19732977184977996157,F,C
1482,12685915882452557351,F,C
1484,38697459212081318063,F,C
1486,11596084211508428503,F,C
1488,5733241593241196731,F,C
1490,7562321651334729221,F,C
1492,50485724924487596521,F,C
1494,11312044110819306577,F,C
1496,20785212509346622823,F,C
1498,40582918349766808153,F,C
1500,27920969531073465367,F,C
1502,9586724781371233277,F,C
1504,69535394277900632857,F,C
1506,14950212737555571061,F,C
1508,40934204206305917081,F,C
1510,6787988999657777797,F,C
1512,42810836022476642501,F,C
1514,57730507662151577789,F,C
1516,40782212706800204197,F,C
1518,43323303249094027633,F,C
1520,25942632032312850467,F,C
1522,49249077349705946737,F,C
1524,21882998292322057523,F,C
1526,15570628755536096243,F,C
1528,22062598099396684309,F,C
1530,17678654157568189057,F,C
1532,76193727766736160377,F,C
1534,44265977048051533909,F,C
1536,21718434298310889571,F,C
1538,53679949404940376909,F,C
1540,20313851197465407889,F,C
1542,39170851540269520469,F,C
1544,35348265334222588547,F,C
1546,78580641983130323161,F,C
1548,28920302981739289993,F,C
1550,18361375334787046697,F,C
1552,18470057946260698231,F,C
1554,36399266433517413007,F,C
1556,22101831096842056961,F,C
1558,63967562403170455453,F,C
1560,54145919241596772721,F,C
1562,51330518963552306591,F,C
1564,50141184398287532959,F,C
1566,47526443055735575447,F,C
1568,33020270934358330391,F,C
1570,92489057256472962493,F,C
1572,18571673432051830099,F,C
1574,121824804832512392579,F,C
1576,32247467223859494133,F,C
1578,29348877491890838093,F,C
1580,120742393985450084153,F,C
1582,80809905603814800979,F,C
1584,48724019207226104659,F,C
1586,808129786082486355062717,?,C
1588,153125481414651411510001,?,C
1590,103742941305470707259,F,C
1592,33382241186990935697,F,C
1594,4722930980384762342149,?,C
1596,67456399854733504543,F,C
1598,645600025854624019250411,?,C
1600,48186815362225632199,F,C
1602,66484040733800317319,F,C
1604,89014879348939897973,F,C
1606,5111827025410880328372583,?,C
1608,64481144637808949663,F,C
1610,128155882324029126377,?,C
1612,91008005685955879916401,?,C
1614,70835512978308848889799,?,C
1616,117860730106579507547,F,C
1618,89742231714187220659,F,C
1620,601559025236668271908379,?,C
1622,63583625827845372407,F,C
1624,93310024192891977362587,?,C
1626,829125472095488458309583,?,C
1628,25085991681265391141,F,C
1630,87953146031629255873,F,C
1632,91685077671104045501,F,C
1634,822125462857195122741779,?,C
1636,29483982912740752141,F,C
1638,83474304526674151439,F,C
1640,10148375028695776627340501,?,C
1642,126630890661214339471,F,C
1644,44865133014508670623,F,C
1646,63925810393802307947,F,C
1648,10234026002878309225086799,?,C
1650,461003025023148162667033,?,C
1652,90523126001136840586142237,?,C
1654,908600025159019423417933,?,C
1656,83803324302224436881,F,C
1658,38283026000105876456447549,?,C
1660,39753026000841430736202739,?,C
1662,80616653604650049661,F,C
1664,77371252460831861392721423,?,C
1666,50234026000970339549409247,?,C
1668,74914839785186939429,F,C
1670,77371252474330921813868321,?,C
1672,5013267025248268009777159,?,C
1674,69761503806393348943085423,?,C
1676,20733746510561442863,F,C
1678,50148375026035070947338349,?,C
1680,1409619025494896363461087,?,C
1682,83753026001934316187838497,?,C
1684,110449654697555438112561319,?,C
1686,17853322005951711516168487,?,C
1688,197021551027975628706026789,?,C
1690,4601311025550610228138711,?,C
1692,817125469610972857731061,?,C
1694,604462912173061237461257,?,C
1696,161023337028310365631639753,?,C
1698,55723122040086608203258649,?,C
1700,92503546417588590527,F,C
1702,69361551050100334908440329,?,C
1704,77371252474619885681948107,?,C
1706,261023337027413737623820943,?,C
1708,172233338035577973225937699,?,C
1710,708664733765282327176751,?,C
1712,363253313027185154998755239,?,C
1714,3681804411029893987474470217,?,C
1716,169206313035910497586224637,?,C
1718,96523126000774442796493001,?,C
1720,77371252469118998209236889,?,C
1722,77371252471025114779715737,?,C
1724,68068810283234182907,F,C
1726,1863007027058448917031433,?,C
1728,42461577000200688572056091,?,C
1730,77371252463983183081811801,?,C
1732,84199650026160877110518461,?,C
1734,50754026000858414432532293,?,C
1736,124127829027210048144492593,?,C
1738,1985698761742223986651814371,?,C
1740,30011026001827477703636173,?,C
1742,3281312000028041064344397077,?,C
1744,90523126002091526467218463,?,C
1746,37039655026277896461956917,?,C
1748,77371252459643432695930169,?,C
1750,475135024904107611376237,?,C
1752,37039655026170596199293657,?,C
1754,72753026003121484051877369,?,C
1756,531506722030087317322633423,?,C
1758,77371252456772357508627143,?,C
1760,169206313037524085550011021,?,C
1762,86283026003161194576775057,?,C
1764,77371252462780013174062267,?,C
1766,9242091025170776894993897,?,C
1768,414127829027107949907596749,?,C
1770,361023337029651191344064387,?,C
1772,931506729027818356495510979,?,C
1774,161023337028376633976274427,?,C
1776,90523126002000439101137111,?,C
1778,314206313032559556437705819,?,C
1780,4591958808448499496305287,?,C
1782,931506729027974407041540707,?,C
1784,77371252476361526483219669,?,C
1786,508253313027343345210322131,?,C
1788,531506722032894991035261461,?,C
1790,253022127027824187693016727,?,C
1792,644853313030609631743421827,?,C
1794,2681804411030796838102390267,?,C
1796,663853313028090003058817561,?,C
1798,517021551027178550547527491,?,C
1800,77371252462661037114474313,?,C
1802,6101239311029812830316130021,?,C
1804,183245698038521377016396923,?,C
1806,77371252474036886292082721,?,C
1808,91084263026046832262353511,?,C
1810,227021551027737529987065469,?,C
1812,185265722028138732845783509,?,C
1814,167021551028816331494487719,?,C
1816,2681804411030756891181329527,?,C
1818,361023337029228675738125911,?,C
1820,604462916099961329403989,?,C
1822,4603737621033901941540708091,?,C
1824,191506729036347786101707879,?,C
1826,77371252461332007497598593,?,C
1828,29045119029001231341899676133,?,C
1830,86087256026428977676556479,?,C
1832,7500230000000254312587886349,?,C
1834,80077693575305743066163053,?,C
1836,7500230000004410741095419811,?,C
1838,7051230000020674054592576303,?,C
1840,512233338030056680994432863,?,C
1842,3001549619028368687092343141,?,C
1844,191506729038361825489489313,?,C
1846,77371252463882403348591631,?,C
1848,2518970080811424228048297851,?,C
1850,622337118707239085237867807,?,C
1852,3883778117029429378726839157,?,C
1854,101412319996363309069,F,C
